contrast,measure,n,mean,standard_error,ci_low,ci_high
S0_R2_T1_C1 minus S1_R2_T1_C1,bridge_edge_count,1000,0.209,0.01488423798991875,0.17982689353975925,0.23817310646024073
S0_R2_T1_C1 minus S1_R2_T1_C1,known_conversations,1000,-0.737,0.02534706045034559,-0.7866802384826773,-0.6873197615173227
S0_R2_T1_C1 minus S1_R2_T1_C1,endpoint_outbound_bridge,1000,0.737,0.02534706045034559,0.6873197615173227,0.7866802384826773
S1_R0_T1_C1 minus S1_R2_T1_C1,bridge_edge_count,1000,0.011,0.0032999833166078114,0.004532032699448689,0.01746796730055131
S1_R0_T1_C1 minus S1_R2_T1_C1,known_conversations,1000,-0.032,0.005917010310199824,-0.04359734020799166,-0.020402659792008344
S1_R0_T1_C1 minus S1_R2_T1_C1,endpoint_outbound_bridge,1000,0.032,0.005917010310199824,0.020402659792008344,0.04359734020799166
S1_R2_T0_C1 minus S1_R2_T1_C1,bridge_edge_count,1000,-0.002,0.002449898365647441,-0.0068018007966689845,0.0028018007966689844
S1_R2_T0_C1 minus S1_R2_T1_C1,known_conversations,1000,0.004,0.00447258359385311,-0.0047662638439520955,0.012766263843952096
S1_R2_T0_C1 minus S1_R2_T1_C1,endpoint_outbound_bridge,1000,-0.004,0.00447258359385311,-0.012766263843952096,0.0047662638439520955
S1_R2_T1_C0 minus S1_R2_T1_C1,bridge_edge_count,1000,0.005,0.002231586874844889,0.000626089725304018,0.009373910274695982
S1_R2_T1_C0 minus S1_R2_T1_C1,known_conversations,1000,-0.017,0.00432778577678352,-0.0254824601224957,-0.008517539877504301
S1_R2_T1_C0 minus S1_R2_T1_C1,endpoint_outbound_bridge,1000,0.017,0.00432778577678352,0.008517539877504301,0.0254824601224957
S0_R0_T0_C0 minus S1_R2_T1_C1,bridge_edge_count,1000,0.244,0.01608486004672477,0.21247367430841946,0.27552632569158053
S0_R0_T0_C0 minus S1_R2_T1_C1,known_conversations,1000,-0.871,0.026019916141987006,-0.9219990356382946,-0.8200009643617054
S0_R0_T0_C0 minus S1_R2_T1_C1,endpoint_outbound_bridge,1000,0.871,0.026019916141987006,0.8200009643617054,0.9219990356382946
clamp_A minus S1_R2_T1_C1,bridge_edge_count,1000,0.244,0.01608486004672477,0.21247367430841946,0.27552632569158053
clamp_A minus S1_R2_T1_C1,known_conversations,1000,-0.871,0.026019916141987006,-0.9219990356382946,-0.8200009643617054
clamp_A minus S1_R2_T1_C1,endpoint_outbound_bridge,1000,0.871,0.026019916141987006,0.8200009643617054,0.9219990356382946
clamp_B minus S1_R2_T1_C1,bridge_edge_count,1000,0.244,0.01608486004672477,0.21247367430841946,0.27552632569158053
clamp_B minus S1_R2_T1_C1,known_conversations,1000,-0.871,0.026019916141987006,-0.9219990356382946,-0.8200009643617054
clamp_B minus S1_R2_T1_C1,endpoint_outbound_bridge,1000,0.871,0.026019916141987006,0.8200009643617054,0.9219990356382946
