effect,measure,n,mean,standard_error,ci_low,ci_high
S,bridge_edge_count,1000,-0.209375,0.014429082881729102,-0.23765600244818905,-0.18109399755181096
S,known_conversations,1000,0.7425,0.02403167225290973,0.695397922384297,0.7896020776157031
S,endpoint_outbound_bridge,1000,-0.7425,0.02403167225290973,-0.7896020776157031,-0.695397922384297
R,bridge_edge_count,1000,-0.020625,0.002652313922623818,-0.025823535288342685,-0.015426464711657317
R,known_conversations,1000,0.069,0.004521830044013922,0.06013721311373272,0.0778627868862673
R,endpoint_outbound_bridge,1000,-0.069,0.004521830044013922,-0.0778627868862673,-0.06013721311373272
T,bridge_edge_count,1000,-0.009125,0.0019035448137246092,-0.012855947834900234,-0.005394052165099765
T,known_conversations,1000,0.02825,0.0034225211688390113,0.02154185850907554,0.034958141490924466
T,endpoint_outbound_bridge,1000,-0.02825,0.0034225211688390113,-0.034958141490924466,-0.02154185850907554
C,bridge_edge_count,1000,-0.006875,0.0013583830754170857,-0.009537430827817488,-0.004212569172182512
C,known_conversations,1000,0.0315,0.002413726595137916,0.026769095873529686,0.036230904126470315
C,endpoint_outbound_bridge,1000,-0.0315,0.002413726595137916,-0.036230904126470315,-0.026769095873529686
S*R,bridge_edge_count,1000,0.00175,0.005156163643982174,-0.008356080742205061,0.011856080742205061
S*R,known_conversations,1000,-0.0195,0.00927122999961201,-0.037671610799239544,-0.0013283892007604596
S*R,endpoint_outbound_bridge,1000,0.0195,0.00927122999961201,0.0013283892007604596,0.037671610799239544
S*T,bridge_edge_count,1000,0.00075,0.003946836076532064,-0.006985798710002846,0.008485798710002846
S*T,known_conversations,1000,0.004,0.0067475573009445075,-0.009225212309851235,0.017225212309851235
S*T,endpoint_outbound_bridge,1000,-0.004,0.0067475573009445075,-0.017225212309851235,0.009225212309851235
S*C,bridge_edge_count,1000,-0.00075,0.0027054124929032095,-0.0060526084860902905,0.004552608486090291
S*C,known_conversations,1000,-0.0035,0.004874578085487144,-0.013054173047554803,0.006054173047554803
S*C,endpoint_outbound_bridge,1000,0.0035,0.004874578085487144,-0.006054173047554803,0.013054173047554803
R*T,bridge_edge_count,1000,0.01725,0.0032054972644993338,0.010967225361581307,0.023532774638418696
R*T,known_conversations,1000,-0.048,0.0056104792555963946,-0.058996539340968934,-0.03700346065903107
R*T,endpoint_outbound_bridge,1000,0.048,0.0056104792555963946,0.03700346065903107,0.058996539340968934
R*C,bridge_edge_count,1000,-0.00025,0.0024121060830228336,-0.004977727922724754,0.004477727922724753
R*C,known_conversations,1000,-0.0065,0.004793822142167013,-0.015895891398647347,0.0028958913986473463
R*C,endpoint_outbound_bridge,1000,0.0065,0.004793822142167013,-0.0028958913986473463,0.015895891398647347
T*C,bridge_edge_count,1000,0.00575,0.0018118278671607358,0.002198817380364958,0.009301182619635043
T*C,known_conversations,1000,-0.019,0.0033764478968881487,-0.02561783787790077,-0.012382162122099229
T*C,endpoint_outbound_bridge,1000,0.019,0.0033764478968881487,0.012382162122099229,0.02561783787790077
