known_pair,case_id,condition,before_first,during,between,after_last
akane-koharu,task_weak,A,0.282,0.792,1.748,0.0
akane-koharu,task_weak,B,0.249,0.815,1.704,0.0
akane-koharu,task_strong,A,0.0,2.042,1.228,0.0
akane-koharu,task_strong,B,0.0,2.058,1.216,0.0
akane-midori,task_weak,A,0.282,0.841,1.848,0.0
akane-midori,task_weak,B,0.231,0.865,1.778,0.0
akane-midori,task_strong,A,0.0,1.967,1.314,0.0
akane-midori,task_strong,B,0.0,2.004,1.274,0.0
akane-kurumi,task_strong,A,0.0,1.961,0.652,0.0
akane-kurumi,task_strong,B,0.0,1.978,0.652,0.0
akane-kurumi,task_weak,A,0.07,0.709,1.06,0.0
akane-kurumi,task_weak,B,0.052,0.694,1.044,0.0
koharu-midori,task_strong,A,0.0,1.961,0.652,0.0
koharu-midori,task_strong,B,0.0,1.955,0.65,0.0
koharu-midori,task_weak,A,0.07,0.709,1.06,0.0
koharu-midori,task_weak,B,0.061,0.677,1.029,0.0
koharu-kurumi,task_weak,A,0.282,0.841,1.848,0.0
koharu-kurumi,task_weak,B,0.228,0.893,1.79,0.0
koharu-kurumi,task_strong,A,0.0,1.967,1.314,0.0
koharu-kurumi,task_strong,B,0.0,1.984,1.283,0.0
kurumi-midori,task_weak,A,0.282,0.792,1.748,0.0
kurumi-midori,task_weak,B,0.227,0.816,1.69,0.0
kurumi-midori,task_strong,A,0.0,2.042,1.228,0.0
kurumi-midori,task_strong,B,0.0,2.066,1.187,0.0
