left_pair,right_pair,turns,mean,se,simultaneous_low,simultaneous_high
akane-koharu,akane-midori,12,0.07,0.021807695329300058,-0.002869955022557963,0.14286995502255798
akane-koharu,akane-midori,24,0.052,0.022176288864185274,-0.022101602562708815,0.1261016025627088
akane-koharu,akane-midori,36,0.029,0.02122756720892928,-0.04193146911653277,0.09993146911653276
akane-koharu,akane-midori,48,0.023,0.018783605187072682,-0.03976502145114134,0.08576502145114134
akane-koharu,akane-kurumi,12,-0.031,0.022727858578307714,-0.10694466115523718,0.04494466115523718
akane-koharu,akane-kurumi,24,0.007,0.024526568299551254,-0.07495501183679457,0.08895501183679458
akane-koharu,akane-kurumi,36,0.006,0.02438357148898739,-0.07547719100351477,0.08747719100351478
akane-koharu,akane-kurumi,48,0.003,0.02189681416257786,-0.07016774372854247,0.07616774372854247
akane-koharu,koharu-midori,12,-0.054,0.01874661130539158,-0.11664140717400176,0.008641407174001754
akane-koharu,koharu-midori,24,0.016,0.018817494469192706,-0.046878261774180655,0.07887826177418066
akane-koharu,koharu-midori,36,0.035,0.019134814896965717,-0.028938581305905348,0.09893858130590535
akane-koharu,koharu-midori,48,0.033,0.01800653312648593,-0.02716845151336514,0.09316845151336514
akane-koharu,koharu-kurumi,12,0.025,0.022335484634855674,-0.0496335518802943,0.0996335518802943
akane-koharu,koharu-kurumi,24,-0.018,0.020101743209982564,-0.08516955191584907,0.04916955191584907
akane-koharu,koharu-kurumi,36,-0.002,0.01985926459842837,-0.06835931473805126,0.06435931473805126
akane-koharu,koharu-kurumi,48,0.016,0.018112759924210117,-0.04452340612252788,0.07652340612252788
akane-koharu,kurumi-midori,12,0.016,0.023458352335453875,-0.06238559067225867,0.09438559067225867
akane-koharu,kurumi-midori,24,0.037,0.023327562563953724,-0.04094855940312581,0.11494855940312582
akane-koharu,kurumi-midori,36,0.08,0.02328394601742029,0.002197184369250732,0.15780281563074927
akane-koharu,kurumi-midori,48,0.068,0.02139705198932399,-0.0034977989435905216,0.13949779894359055
akane-midori,akane-kurumi,12,-0.101,0.01992978163945095,-0.16759494594667035,-0.03440505405332968
akane-midori,akane-kurumi,24,-0.045,0.02134081606758351,-0.11630988779452127,0.026309887794521272
akane-midori,akane-kurumi,36,-0.023,0.021515899561346117,-0.09489492560447874,0.048894925604478744
akane-midori,akane-kurumi,48,-0.02,0.020049987581093463,-0.08699661157105959,0.04699661157105958
akane-midori,koharu-midori,12,-0.124,0.01774651906540939,-0.18329962000000372,-0.06470037999999627
akane-midori,koharu-midori,24,-0.036,0.015586755497759851,-0.0880828154886839,0.0160828154886839
akane-midori,koharu-midori,36,0.006,0.014358627029426252,-0.04197905005643523,0.053979050056435225
akane-midori,koharu-midori,48,0.01,0.013714521066668282,-0.035826783536420465,0.05582678353642047
akane-midori,koharu-kurumi,12,-0.045,0.019934201071835623,-0.11160971338698135,0.021609713386981352
akane-midori,koharu-kurumi,24,-0.07,0.015979842156772242,-0.12339630628767334,-0.01660369371232668
akane-midori,koharu-kurumi,36,-0.031,0.015371248331715784,-0.08236270282847212,0.02036270282847212
akane-midori,koharu-kurumi,48,-0.007,0.014531419826092774,-0.05555643355025147,0.04155643355025147
akane-midori,kurumi-midori,12,-0.054,0.024406549933976323,-0.1355539729938878,0.027553972993887794
akane-midori,kurumi-midori,24,-0.015,0.023607887078947416,-0.09388525787083897,0.06388525787083897
akane-midori,kurumi-midori,36,0.051,0.021837487856341806,-0.02196950612471519,0.12396950612471519
akane-midori,kurumi-midori,48,0.045,0.019218333547535913,-0.019217657119222395,0.10921765711922239
akane-kurumi,koharu-midori,12,-0.023,0.018352324316222395,-0.0843239054970531,0.03832390549705309
akane-kurumi,koharu-midori,24,0.009,0.021849402655367868,-0.06400931917492621,0.0820093191749262
akane-kurumi,koharu-midori,36,0.029,0.02273050099922295,-0.04695349074911845,0.10495349074911844
akane-kurumi,koharu-midori,48,0.03,0.021060473488113785,-0.0403731289647416,0.1003731289647416
akane-kurumi,koharu-kurumi,12,0.056,0.019525502432594283,-0.009244055484594789,0.1212440554845948
akane-kurumi,koharu-kurumi,24,-0.025,0.020852093655309767,-0.09467683213856412,0.044676832138564125
akane-kurumi,koharu-kurumi,36,-0.008,0.020600008746608833,-0.07683449572100504,0.06083449572100504
akane-kurumi,koharu-kurumi,48,0.013,0.018739855447206154,-0.049618832616045175,0.07561883261604517
akane-kurumi,kurumi-midori,12,0.047,0.023309533121329013,-0.030888314400006237,0.12488831440000624
akane-kurumi,kurumi-midori,24,0.03,0.02493434823133987,-0.0533175998975611,0.1133175998975611
akane-kurumi,kurumi-midori,36,0.074,0.02484232559848496,-0.009010108206397152,0.15701010820639716
akane-kurumi,kurumi-midori,48,0.065,0.02175426965559286,-0.007691434258153176,0.13769143425815317
koharu-midori,koharu-kurumi,12,0.079,0.015264075209196003,0.027995413905080674,0.13000458609491933
koharu-midori,koharu-kurumi,24,-0.034,0.015135160160139471,-0.08457381917138024,0.016573819171380233
koharu-midori,koharu-kurumi,36,-0.037,0.015552262628726178,-0.08896755829267447,0.01496755829267448
koharu-midori,koharu-kurumi,48,-0.017,0.015522627095693305,-0.06886853178269414,0.03486853178269415
koharu-midori,kurumi-midori,12,0.07,0.01998748357096259,0.003212244263460756,0.13678775573653926
koharu-midori,kurumi-midori,24,0.021,0.020272394283112442,-0.04673977888553796,0.08873977888553797
koharu-midori,kurumi-midori,36,0.045,0.019732317764630802,-0.020935124564380958,0.11093512456438095
koharu-midori,kurumi-midori,48,0.035,0.018333333333333333,-0.026260447527374796,0.09626044752737481
koharu-kurumi,kurumi-midori,12,-0.009,0.021479766767364593,-0.08077418863376659,0.0627741886337666
koharu-kurumi,kurumi-midori,24,0.055,0.021504358568379515,-0.01685636161934905,0.12685636161934905
koharu-kurumi,kurumi-midori,36,0.082,0.02043755596184861,0.013708336840621116,0.1502916631593789
koharu-kurumi,kurumi-midori,48,0.052,0.018483442256182633,-0.009762033334189367,0.11376203333418936
