known_pair,turns,seeds,bridge_A,bridge_B,B_minus_A,ci_low,ci_high,gap_change_from_12,change_ci_low,change_ci_high,B_greater,equal,B_less,bridge_edge_rate_A,bridge_edge_rate_B,bridge_edge_familiar_count_A,bridge_edge_familiar_count_B,bridge_all_formed_A,bridge_all_formed_B,bridge_unformed_turns_A,bridge_unformed_turns_B,known_conversations_A,known_conversations_B,known_share_A,known_share_B,endpoint_outbound_bridge_A,endpoint_outbound_bridge_B,matched_new_count_A,matched_new_count_B,unformed_turns_B_minus_A,unformed_ci_low,unformed_ci_high,simultaneous_low,simultaneous_high,known_pair_name
akane-koharu,12,1000,2.262,2.088,-0.174,-0.20749341319016512,-0.14050658680983485,0,0.0,0.0,49,746,205,0.5655,0.522,1.335,1.109,0.034,0.022,8.5295,8.90375,1.587,2.374,0.13225,0.19783333333333333,4.413,3.626,2.415,2.241,0.37425,0.32175485565998246,0.4267451443400176,-0.22659983452011304,-0.12140016547988694,あかね-こはる
akane-koharu,24,1000,2.981,2.872,-0.109,-0.14302846877376482,-0.07497153122623518,0.065,0.02837766753420483,0.10162233246579518,90,720,190,0.74525,0.718,2.486,2.315,0.237,0.192,12.42,13.191,3.281,4.773,0.13670833333333332,0.198875,8.719,7.227,3.304,3.194,0.771,0.6517454592063686,0.8902545407936314,-0.16244011421918747,-0.05555988578081254,あかね-こはる
akane-koharu,36,1000,3.36,3.268,-0.092,-0.12582541139522263,-0.05817458860477738,0.082,0.04089997696480581,0.1231000230351942,101,712,187,0.84,0.817,2.993,2.844,0.449,0.388,14.8245,15.9085,5.019,7.134,0.13941666666666666,0.19816666666666666,12.981,10.866,3.829,3.737,1.084,0.8895369053893116,1.2784630946106885,-0.14512122212990514,-0.03887877787009486,あかね-こはる
akane-koharu,48,1000,3.568,3.499,-0.069,-0.09875519305791704,-0.039244806942082974,0.105,0.06481304999193208,0.14518695000806792,80,774,146,0.892,0.87475,3.336,3.214,0.611,0.551,16.419,17.723,6.771,9.423,0.1410625,0.1963125,17.229,14.577,4.149,4.079,1.304,1.040929051359869,1.567070948640131,-0.11572913513096444,-0.022270864869035567,あかね-こはる
akane-midori,12,1000,2.342,2.098,-0.244,-0.27552632569158053,-0.21247367430841946,0,0.0,0.0,15,747,238,0.5855,0.5245,1.397,1.163,0.03,0.007,8.4115,8.90025,1.502,2.373,0.12516666666666665,0.19774999999999998,4.498,3.627,2.614,2.374,0.48875,0.43349135347734696,0.544008646522653,-0.2935106158631589,-0.19448938413684108,あかね-みどり
akane-midori,24,1000,3.062,2.901,-0.161,-0.1872419230416699,-0.13475807695833011,0.083,0.04672922406693253,0.11927077593306748,12,825,163,0.7655,0.72525,2.603,2.411,0.245,0.161,11.95925,13.0025,3.054,4.763,0.12725,0.19845833333333335,8.946,7.237,3.614,3.455,1.04325,0.9416484497061087,1.1448515502938914,-0.20221170934847243,-0.11978829065152757,あかね-みどり
akane-midori,36,1000,3.363,3.242,-0.121,-0.144885276654057,-0.09711472334594298,0.123,0.08663604572147343,0.15936395427852657,14,858,128,0.84075,0.8105,3.076,2.896,0.424,0.341,14.23975,15.69275,4.619,7.051,0.12830555555555556,0.1958611111111111,13.381,10.949,4.117,4.003,1.453,1.3049275665387,1.6010724334613002,-0.15851070672723888,-0.08348929327276111,あかね-みどり
akane-midori,48,1000,3.53,3.438,-0.092,-0.11361851192051982,-0.07038148807948018,0.152,0.11622104798897812,0.18777895201102188,15,882,103,0.8825,0.8595,3.33,3.189,0.548,0.481,15.8725,17.64325,6.206,9.324,0.12929166666666667,0.19425,17.794,14.676,4.382,4.294,1.77075,1.5751427177736985,1.9663572822263016,-0.1259508590281368,-0.058049140971863186,あかね-みどり
akane-kurumi,12,1000,1.038,0.895,-0.143,-0.17341423593232858,-0.1125857640676714,0,0.0,0.0,41,784,175,0.2595,0.22375,0.224,0.179,0,0,10.7225,10.93375,2.978,3.464,0.24816666666666667,0.2886666666666667,3.022,2.536,1.903,1.762,0.21125,0.16530543339304743,0.25719456660695256,-0.19076413105505516,-0.09523586894494482,あかね-くるみ
akane-kurumi,24,1000,2.061,1.945,-0.116,-0.15333822670633374,-0.07866177329366628,0.027,-0.010324165991579332,0.06432416599157934,104,690,206,0.51525,0.48625,1.197,1.028,0.039,0.028,17.83925,18.453,5.825,6.725,0.24270833333333333,0.28020833333333334,6.175,5.275,3.053,2.938,0.61375,0.492169219101933,0.735330780898067,-0.17463793381930742,-0.0573620661806926,あかね-くるみ
akane-kurumi,36,1000,2.725,2.627,-0.098,-0.1364470265098284,-0.05955297349017161,0.045,0.0013720346639983783,0.08862796533600162,123,674,203,0.68125,0.65675,2.077,1.898,0.164,0.134,22.50375,23.44075,8.559,9.834,0.23775,0.27316666666666667,9.441,8.166,3.724,3.626,0.937,0.734515981204769,1.139484018795231,-0.15837925190619856,-0.03762074809380145,あかね-くるみ
akane-kurumi,48,1000,3.098,3.026,-0.072,-0.10701413336261709,-0.0369858666373829,0.071,0.028128502945900524,0.11387149705409946,104,727,169,0.7745,0.7565,2.666,2.527,0.311,0.276,25.73,26.90525,11.244,12.909,0.23424999999999999,0.2689375,12.756,11.091,4.098,4.026,1.17525,0.8949911026042714,1.4555088973957284,-0.12698805422672269,-0.01701194577327731,あかね-くるみ
koharu-midori,12,1000,1.038,0.918,-0.12,-0.14162420324927988,-0.09837579675072013,0,0.0,0.0,6,870,124,0.2595,0.2295,0.224,0.188,0,0,10.7225,10.881,2.898,3.403,0.2415,0.28358333333333335,3.102,2.597,1.956,1.836,0.1585,0.12769619765940188,0.18930380234059813,-0.15395979699302198,-0.08604020300697801,こはる-みどり
koharu-midori,24,1000,2.061,1.936,-0.125,-0.14991101681503102,-0.10008898318496896,-0.005,-0.030034206028381878,0.020034206028381876,21,838,141,0.51525,0.484,1.197,1.069,0.039,0.031,17.83925,18.382,5.681,6.592,0.23670833333333333,0.27466666666666667,6.319,5.408,3.06,2.935,0.54275,0.45861364363509455,0.6268863563649054,-0.16412158354118242,-0.08587841645881758,こはる-みどり
koharu-midori,36,1000,2.725,2.598,-0.127,-0.1527830564440991,-0.10121694355590091,-0.007,-0.0360166180959416,0.022016618095941604,23,835,142,0.68125,0.6495,2.077,1.916,0.164,0.134,22.50375,23.4375,8.426,9.73,0.23405555555555554,0.2702777777777778,9.574,8.27,3.725,3.598,0.93375,0.7944023662183655,1.0730976337816345,-0.16749108087857023,-0.08650891912142977,こはる-みどり
koharu-midori,48,1000,3.098,2.996,-0.102,-0.12738663575338163,-0.07661336424661835,0.018,-0.012358869916098369,0.04835886991609836,30,846,124,0.7745,0.749,2.666,2.524,0.311,0.268,25.73,26.981,11.103,12.762,0.2313125,0.265875,12.897,11.238,4.098,3.996,1.251,1.0566154761780107,1.4453845238219891,-0.14186852077656753,-0.06213147922343244,こはる-みどり
koharu-kurumi,12,1000,2.342,2.143,-0.199,-0.227104281685342,-0.17089571831465802,0,0.0,0.0,9,797,194,0.5855,0.53575,1.397,1.175,0.03,0.017,8.4115,8.836,1.554,2.408,0.1295,0.20066666666666666,4.446,3.592,2.549,2.349,0.4245,0.37764426417630836,0.4713557358236916,-0.24313645625073857,-0.15486354374926145,こはる-くるみ
koharu-kurumi,24,1000,3.062,2.971,-0.091,-0.11236650270488452,-0.06963349729511548,0.108,0.0772222215023688,0.1387777784976312,14,885,101,0.7655,0.74275,2.603,2.446,0.245,0.198,11.95925,12.78175,3.14,4.759,0.13083333333333333,0.19829166666666667,8.86,7.241,3.5,3.411,0.8225,0.7337562777530814,0.9112437222469186,-0.12455509037461981,-0.057444909625380174,こはる-くるみ
koharu-kurumi,36,1000,3.363,3.273,-0.09,-0.11055758873152331,-0.06944241126847668,0.109,0.07695017095299973,0.14104982904700025,12,888,100,0.84075,0.81825,3.076,2.958,0.424,0.35,14.23975,15.317,4.84,7.145,0.13444444444444445,0.19847222222222222,13.16,10.855,3.97,3.885,1.07725,0.9503555299927597,1.2041444700072403,-0.12228472891882466,-0.057715271081175336,こはる-くるみ
koharu-kurumi,48,1000,3.53,3.445,-0.085,-0.1043904210482503,-0.06560957895174971,0.114,0.0821979948126862,0.1458020051873138,10,895,95,0.8825,0.86125,3.33,3.221,0.548,0.473,15.8725,17.21175,6.535,9.464,0.13614583333333333,0.19716666666666666,17.465,14.536,4.246,4.164,1.33925,1.1711870071530777,1.5073129928469224,-0.11545174681428923,-0.054548253185710785,こはる-くるみ
kurumi-midori,12,1000,2.262,2.072,-0.19,-0.2259400212176499,-0.15405997878235012,0,0.0,0.0,72,685,243,0.5655,0.518,1.335,1.1,0.034,0.013,8.5295,8.93525,1.481,2.394,0.12341666666666666,0.19949999999999998,4.519,3.606,2.668,2.48,0.40575,0.34842092229722993,0.46307907770277007,-0.24644211767741958,-0.13355788232258042,くるみ-みどり
kurumi-midori,24,1000,2.981,2.835,-0.146,-0.18272242081604356,-0.10927757918395642,0.044,0.004096860738496737,0.08390313926150325,98,670,232,0.74525,0.70875,2.486,2.31,0.237,0.165,12.42,13.3165,3.019,4.74,0.12579166666666666,0.1975,8.981,7.26,3.729,3.586,0.8965,0.7638611743173271,1.0291388256826728,-0.2036708395508951,-0.08832916044910487,くるみ-みどり
kurumi-midori,36,1000,3.36,3.188,-0.172,-0.20654978716856867,-0.1374502128314313,0.018,-0.025658848090812213,0.06165884809081221,72,696,232,0.84,0.797,2.993,2.807,0.449,0.337,14.8245,16.2005,4.537,7.05,0.12602777777777777,0.19583333333333333,13.463,10.95,4.255,4.09,1.376,1.1662357871719216,1.5857642128280782,-0.2262588203075543,-0.11774117969244569,くるみ-みどり
kurumi-midori,48,1000,3.568,3.431,-0.137,-0.16752025713678861,-0.10647974286321141,0.053,0.01075048915352076,0.09524951084647923,51,769,180,0.892,0.85775,3.336,3.159,0.611,0.504,16.419,18.24075,6.141,9.429,0.1279375,0.1964375,17.859,14.571,4.517,4.382,1.82175,1.5431084071960175,2.1003915928039825,-0.18493063238409432,-0.0890693676159057,くるみ-みどり
