known_pair,case_id,seeds,bridge_count_A_mean,bridge_count_A_ci_low,bridge_count_A_ci_high,bridge_count_B_mean,bridge_count_B_ci_low,bridge_count_B_ci_high,bridge_rate_A_mean,bridge_rate_A_ci_low,bridge_rate_A_ci_high,bridge_rate_B_mean,bridge_rate_B_ci_low,bridge_rate_B_ci_high,unformed_turns_A_mean,unformed_turns_A_ci_low,unformed_turns_A_ci_high,unformed_turns_B_mean,unformed_turns_B_ci_low,unformed_turns_B_ci_high,known_share_A_mean,known_share_A_ci_low,known_share_A_ci_high,known_share_B_mean,known_share_B_ci_low,known_share_B_ci_high,bridge_share_A_mean,bridge_share_A_ci_low,bridge_share_A_ci_high,bridge_share_B_mean,bridge_share_B_ci_low,bridge_share_B_ci_high,all_formed_A_mean,all_formed_A_ci_low,all_formed_A_ci_high,all_formed_B_mean,all_formed_B_ci_low,all_formed_B_ci_high,B_minus_A_mean,B_minus_A_ci_low,B_minus_A_ci_high,B_minus_A_simultaneous_low,B_minus_A_simultaneous_high,B_vs_free_mean,B_vs_free_ci_low,B_vs_free_ci_high,B_vs_free_simultaneous_low,B_vs_free_simultaneous_high,A_vs_free_mean,A_vs_free_ci_low,A_vs_free_ci_high,A_vs_free_simultaneous_low,A_vs_free_simultaneous_high,island_change_mean,island_change_ci_low,island_change_ci_high,island_change_simultaneous_low,island_change_simultaneous_high,actor_turns_akane_A,actor_turns_koharu_A,actor_turns_midori_A,actor_turns_kurumi_A,forced_contacts_A,forced_undercontacted_fraction_A,introductions_A,introduction_realization_A,intervention_new_bridge_contacts_A,intervention_bridge_formations_A,nonintervention_bridge_formations_A,task_formed_before_A,task_formed_during_A,task_formed_between_A,task_formed_after_A,actor_turns_akane_B,actor_turns_koharu_B,actor_turns_midori_B,actor_turns_kurumi_B,forced_contacts_B,forced_undercontacted_fraction_B,introductions_B,introduction_realization_B,intervention_new_bridge_contacts_B,intervention_bridge_formations_B,nonintervention_bridge_formations_B,task_formed_before_B,task_formed_during_B,task_formed_between_B,task_formed_after_B
six_pair_equal_weight,free,1000,3.3986666666666667,3.3678850013216874,3.429448332011646,3.305833333333333,3.278626271488764,3.3330403951779024,0.8496666666666667,0.8419712503304219,0.8573620830029115,0.8264583333333333,0.819656567872191,0.8332600987944756,19.3405,19.07627706810766,19.604722931892336,20.784166666666668,20.557000075475344,21.01133325785799,0.16666666666666666,0.16666666666666666,0.16666666666666666,0.2198298611111111,0.21920342638508503,0.2204562958371372,0.6666666666666666,0.6666666666666666,0.6666666666666666,0.6126770833333334,0.6120153308319071,0.6133388358347597,0.49,0.4675927022231522,0.5124072977768478,0.4255,0.4068014577046,0.44419854229539996,-0.09283333333333332,-0.10660196530538986,-0.07906470136127679,-0.11681347307570389,-0.06885319359096276,0.0,0.0,0.0,0.0,0.0,0.0,0.0,0.0,0.0,0.0,0.0,0.0,0.0,0.0,0.0,12,12,12,12,0,0,0,0,0,0,3.3986666666666667,0,0,0,0,12,12,12,12,0,0,0,0,0,0,3.305833333333333,0,0,0,0
six_pair_equal_weight,shuffle_weak,1000,3.4273333333333333,3.3959271794421677,3.458739487224499,3.3553333333333333,3.3267388241401257,3.383927842526541,0.8568333333333333,0.8489817948605419,0.8646848718061247,0.8388333333333333,0.8316847060350314,0.8459819606316352,19.365166666666667,19.1008905039843,19.629442829349035,20.590708333333332,20.355592764072416,20.825823902594248,0.16666666666666666,0.16666666666666666,0.16666666666666666,0.21431597222222223,0.21369116811744412,0.21494077632700034,0.6666666666666666,0.6666666666666666,0.6666666666666666,0.6183020833333334,0.617656632663494,0.6189475340031727,0.514,0.4909244416218994,0.5370755583781006,0.46449999999999997,0.4444814722333826,0.48451852776661736,-0.072,-0.0839700879856483,-0.06002991201435169,-0.09284770536440182,-0.05115229463559818,0.04950000000000001,0.02623577593171703,0.07276422406828299,0.009241460362662608,0.0897585396373374,0.028666666666666663,0.0014583465328045046,0.055874986800528825,-0.018417097286063302,0.07575043061939662,0.020833333333333332,0.007584110181149708,0.03408255648551696,-0.0020943333651365324,0.04376100003180319,12.029,11.994,12.021,11.956,6,0.21466666666666664,0,0,0.26266666666666666,0.44666666666666666,2.9806666666666666,0,0,0,0,12.029,11.994,12.021,11.956,6,0.21588888888888888,0,0,0.31416666666666665,0.48783333333333334,2.8675,0,0,0,0
six_pair_equal_weight,shuffle_medium,1000,3.537333333333333,3.5091617445813155,3.565504922085351,3.498,3.4715088993808862,3.524491100619114,0.8843333333333333,0.8772904361453289,0.8913762305213377,0.8745,0.8678772248452216,0.8811227751547785,18.596666666666668,18.34408520918458,18.849248124148755,19.604125,19.37852694190544,19.829723058094558,0.16666666666666666,0.16666666666666666,0.16666666666666666,0.20796527777777776,0.2073741609843852,0.20855639457117034,0.6666666666666666,0.6666666666666666,0.6666666666666666,0.6250069444444445,0.6243938355700014,0.6256200533188876,0.586,0.5632489046694727,0.6087510953305272,0.5566666666666666,0.5357332036924162,0.5776001296409171,-0.03933333333333333,-0.049172516041302794,-0.02949415062536387,-0.056469747231727485,-0.02219691943493918,0.19216666666666668,0.16309974164569793,0.22123359168763543,0.14186660294403633,0.24246673038929703,0.13866666666666666,0.1059905577877128,0.17134277554562052,0.08212094132305728,0.19521239201027604,0.0535,0.03876739492572692,0.06823260507427308,0.028005353645021203,0.0789946463549788,12,12,12,12,12,0.2105,0,0,0.494,1.036,2.501333333333333,0,0,0,0,12,12,12,12,12,0.21118055555555554,0,0,0.5891666666666666,1.1405,2.3575,0,0,0,0
six_pair_equal_weight,shuffle_strong,1000,3.6573333333333333,3.6321931829978196,3.682473483668847,3.641,3.6167654108729983,3.6652345891270017,0.9143333333333333,0.9080482957494549,0.9206183709172118,0.91025,0.9041913527182496,0.9163086472817504,16.864,16.613363241110044,17.114636758889958,17.416416666666667,17.177018147909962,17.65581518542337,0.16666666666666666,0.16666666666666666,0.16666666666666666,0.19506944444444443,0.19455847287142897,0.1955804160174599,0.6666666666666666,0.6666666666666666,0.6666666666666666,0.6381458333333333,0.6376270010578696,0.638664665608797,0.679,0.6568175890905936,0.7011824109094065,0.6648333333333333,0.6436047696124645,0.6860618970542021,-0.01633333333333333,-0.022606394610467134,-0.01006027205619953,-0.027258811357832632,-0.005407855308834033,0.3351666666666667,0.30117809538748785,0.3691552379458456,0.2763497364289294,0.39398359690440404,0.25866666666666666,0.22110636838589853,0.2962269649474348,0.19366889357574912,0.3236644397575842,0.0765,0.061593110072088196,0.09140688992791181,0.05070375520495252,0.10229624479504748,12,12,12,12,24,0.285375,0,0,2.3386666666666667,2.0886666666666667,1.5686666666666667,0,0,0,0,12,12,12,12,24,0.2848819444444444,0,0,2.4705,2.159666666666667,1.4813333333333334,0,0,0,0
six_pair_equal_weight,task_weak,1000,3.4506666666666668,3.4200344988234757,3.481298834509858,3.3741666666666665,3.34667604685716,3.401657286476173,0.8626666666666667,0.8550086247058689,0.8703247086274645,0.8435416666666666,0.83666901171429,0.8504143216190433,18.894333333333332,18.632616055497696,19.15605061116897,20.19925,19.971997626649078,20.42650237335092,0.16666666666666666,0.16666666666666666,0.16666666666666666,0.21351041666666667,0.21292746784711172,0.21409336548622163,0.6666666666666666,0.6666666666666666,0.6666666666666666,0.6190798611111111,0.6184662239336217,0.6196934982886005,0.5273333333333333,0.5042666644447917,0.5504000022218749,0.4723333333333333,0.4526136809817668,0.49205298568489986,-0.0765,-0.08959083775393181,-0.06340916224606818,-0.09929965935040508,-0.05370034064959492,0.06833333333333334,0.04745223890442485,0.08921442776224184,0.03219877903786993,0.10446788762879675,0.052,0.02719823175709761,0.07680176824290239,0.009080753394040235,0.09491924660595977,0.01633333333333333,0.004349778079158418,0.028316888587508245,-0.004404105954579709,0.037070772621246376,12.034,11.951,12.044,11.971,6,0.1305,0,0,0.09666666666666666,0.376,3.074666666666667,2.5546666666666664,0.376,0,0.52,12.034,11.951,12.044,11.971,6,0.13541666666666666,0,0,0.13566666666666666,0.4115,2.962666666666667,2.4218333333333333,0.4115,0,0.5408333333333333
six_pair_equal_weight,task_medium,1000,3.5633333333333335,3.5352951944763427,3.5913714721903243,3.5271666666666666,3.5010766325085583,3.553256700824775,0.8908333333333334,0.8838237986190857,0.8978428680475811,0.8817916666666666,0.8752691581271396,0.8883141752061937,18.714,18.465707316327308,18.96229268367269,19.687666666666665,19.46127510705172,19.91405822628161,0.16666666666666666,0.16666666666666666,0.16666666666666666,0.20733680555555556,0.2067733200838579,0.20790029102725321,0.6666666666666666,0.6666666666666666,0.6666666666666666,0.6255416666666667,0.624958568946111,0.6261247643872223,0.6083333333333333,0.5852935482135664,0.6313731184531002,0.5795,0.5584112980523047,0.6005887019476953,-0.036166666666666666,-0.04598197436426493,-0.026351358969068397,-0.05326149865000828,-0.019071834683325052,0.22133333333333335,0.1916000251252854,0.2510666415413813,0.1698800992375179,0.2727865674291488,0.16466666666666666,0.13103037491785016,0.19830295841548315,0.10645935312600417,0.22287398020732913,0.056666666666666664,0.04183131493526752,0.07150201839806582,0.030994218105331314,0.08233911522800201,11.992,12.056,11.95,12.002,12,0.33541666666666664,0,0,1.01,1.218,2.3453333333333335,1.058,1.218,1.2206666666666666,0.06666666666666667,11.992,12.056,11.95,12.002,12,0.3340972222222222,0,0,1.169,1.2981666666666667,2.229,0.9068333333333334,1.2981666666666667,1.256,0.06616666666666667
six_pair_equal_weight,task_strong,1000,3.6626666666666665,3.637049722491071,3.688283610842262,3.6485,3.623727399941281,3.6732726000587186,0.9156666666666666,0.9092624306227678,0.9220709027105655,0.912125,0.9059318499853203,0.9183181500146796,17.155833333333334,16.91046317818734,17.40120348847933,17.647583333333333,17.413875309894333,17.881291356772334,0.16666666666666666,0.16666666666666666,0.16666666666666666,0.1942465277777778,0.19376536249845555,0.19472769305710003,0.6666666666666666,0.6666666666666666,0.6666666666666666,0.639,0.6385116984663444,0.6394883015336557,0.6866666666666666,0.6643616182179991,0.7089717151153342,0.674,0.6525034608046981,0.695496539195302,-0.014166666666666666,-0.019806499006367113,-0.008526834326966218,-0.02398928142636359,-0.004344051906969742,0.3426666666666667,0.30937670591942007,0.3759566274139133,0.28505867594517137,0.400274657388162,0.264,0.22764840280879417,0.30035159719120585,0.2010938737476365,0.32690612625236354,0.07866666666666666,0.06412652381168989,0.09320680952164344,0.053505074526669985,0.10382825880666334,12,12,12,12,24,0.30795833333333333,0,0,3.3333333333333335,1.7646666666666666,1.898,0,1.7646666666666666,1.8846666666666667,0.013333333333333332,12,12,12,12,24,0.30769444444444444,0,0,3.3995,1.8265,1.822,0,1.8265,1.8086666666666666,0.013333333333333332
six_pair_equal_weight,host_weak,1000,3.4333333333333336,3.4024102982176236,3.4642563684490435,3.351166666666667,3.3239521933351055,3.378381139998228,0.8583333333333334,0.8506025745544059,0.8660640921122609,0.8377916666666667,0.8309880483337764,0.844595284999557,19.370833333333334,19.1075095720771,19.63415709458957,20.718375,20.490685080675682,20.94606491932432,0.16666666666666666,0.16666666666666666,0.16666666666666666,0.21437152777777777,0.21370938025953007,0.21503367529602546,0.6666666666666666,0.6666666666666666,0.6666666666666666,0.6161805555555555,0.615445112128471,0.61691599898264,0.517,0.49382132383787575,0.5401786761621243,0.46266666666666667,0.4433426743263438,0.48199065900698956,-0.08216666666666667,-0.09792906714593597,-0.06640426618739736,-0.10961925360015481,-0.05471407973317852,0.04533333333333334,0.025022435986344235,0.06564423068032244,0.01018550018344392,0.08048116648322276,0.03466666666666666,0.008218180559694786,0.061115152773638534,-0.011102211038425042,0.08043554437175836,0.010666666666666666,-0.0053310051470384315,0.026664338480371766,-0.01701716679912301,0.03835050013245634,11.96,11.905,12.09,12.045,0,0,6,0.425,0.474,0.42133333333333334,3.012,0,0,0,0,11.965833333333332,11.936833333333333,12.084833333333334,12.0125,0,0,6,0.4075,0.5173333333333333,0.4458333333333333,2.9053333333333335,0,0,0,0
six_pair_equal_weight,host_medium,1000,3.4613333333333336,3.430865865382839,3.491800801283828,3.389666666666667,3.3644991428386577,3.414834190494676,0.8653333333333334,0.8577164663457097,0.872950200320957,0.8474166666666667,0.8411247857096644,0.853708547623669,19.059333333333335,18.79259724770228,19.32606941896439,20.247375,20.02426036720878,20.470489632791224,0.16666666666666666,0.16666666666666666,0.16666666666666666,0.20938194444444444,0.20872599034165443,0.21003789854723445,0.6666666666666666,0.6666666666666666,0.6666666666666666,0.6196493055555555,0.618847976800075,0.6204506343110361,0.5366666666666666,0.513668413310483,0.5596649200228503,0.486,0.46768892418635627,0.5043110758136438,-0.07166666666666667,-0.08950542481860972,-0.05382790851472362,-0.1027355422225039,-0.04059779111082944,0.08383333333333333,0.058712040305149996,0.10895462636151666,0.04036115183491429,0.12730551483175237,0.06266666666666666,0.030031694521465903,0.09530163881186743,0.006192128086969485,0.11914120524636385,0.021166666666666667,0.0011448308823325676,0.041188502451000766,-0.013480947935480922,0.055814281268814256,11.905,11.828,12.156,12.111,0,0,12,0.425,0.6759999999999999,0.8653333333333333,2.596,0,0,0,0,11.936,11.859666666666667,12.14,12.064333333333334,0,0,12,0.40723611111111113,0.762,0.9286666666666666,2.461,0,0,0,0
six_pair_equal_weight,host_strong,1000,3.494,3.463990829041266,3.5240091709587342,3.426,3.4011160893867665,3.450883910613234,0.8735,0.8659977072603166,0.8810022927396836,0.8565,0.8502790223466916,0.8627209776533085,18.948666666666668,18.682743182452484,19.214590150880852,20.109458333333333,19.887421943051553,20.331494723615112,0.16666666666666666,0.16666666666666666,0.16666666666666666,0.2016423611111111,0.2009530174249195,0.20233170479730272,0.6666666666666666,0.6666666666666666,0.6666666666666666,0.6262604166666667,0.6254350641256378,0.6270857692076955,0.5583333333333333,0.5349895618942893,0.5816771047723774,0.5146666666666666,0.49650991931457344,0.5328234140187598,-0.068,-0.0872234354619524,-0.048776564538047615,-0.10148049898069912,-0.03451950101930089,0.12016666666666667,0.08962044604583637,0.150712887287497,0.06730669463299327,0.17302663870034007,0.09533333333333333,0.057431160926437554,0.1332355057402291,0.029743950007864547,0.1609227166588021,0.024833333333333332,0.001336090839695811,0.048330575826970854,-0.01582844268471599,0.06549510935138265,11.969,11.849,12.074,12.108,0,0,24,0.4322083333333333,2.3106666666666666,1.7753333333333332,1.7186666666666666,0,0,0,0,11.978666666666667,11.856166666666667,12.077166666666667,12.088,0,0,24,0.4192638888888889,2.3729999999999998,1.7826666666666666,1.6433333333333333,0,0,0,0
six_pair_equal_weight,topic_weak,1000,3.008,2.9733657269389053,3.0426342730610947,2.9274999999999998,2.896795749354945,2.9582042506450543,0.752,0.7433414317347263,0.7606585682652737,0.7318749999999999,0.7241989373387363,0.7395510626612636,21.911,21.627148679386252,22.19485132061375,23.209666666666667,22.968916110798897,23.450417222534437,0.16666666666666666,0.16666666666666666,0.16666666666666666,0.2193298611111111,0.21870443253440702,0.2199552896878152,0.6666666666666666,0.6666666666666666,0.6666666666666666,0.6132013888888889,0.6125413200587382,0.6138614577190395,0.27566666666666667,0.25714291099000075,0.2941904223433326,0.23916666666666667,0.22379600549016615,0.2545373278431672,-0.0805,-0.09512253820500703,-0.06587746179499297,-0.10596734564885363,-0.05503265435114637,-0.37833333333333335,-0.40358421253057253,-0.3530824541360942,-0.4220297625826369,-0.3346369040840298,-0.3906666666666667,-0.4208938841070018,-0.36043944922633164,-0.4429746064404758,-0.3383587268928576,0.012333333333333332,-0.0015194993427271389,0.026186166009393802,-0.011638874454112724,0.03630554112077938,12,12,12,12,0,0,0,0,0.33066666666666666,0.214,2.794,0,0,0,0,12,12,12,12,0,0,0,0,0.3585,0.22666666666666666,2.700833333333333,0,0,0,0
six_pair_equal_weight,topic_medium,1000,2.806,2.76959824841017,2.84240175158983,2.7238333333333333,2.691975608416077,2.75569105825059,0.7015,0.6923995621025425,0.7106004378974575,0.6809583333333333,0.6729939021040192,0.6889227645626474,23.398333333333333,23.10183483661858,23.694831830048088,24.628,24.37460966805181,24.88139033194819,0.16666666666666666,0.16666666666666666,0.16666666666666666,0.21789930555555556,0.21729216249792727,0.21850644861318386,0.6666666666666666,0.6666666666666666,0.6666666666666666,0.6148333333333333,0.6142025274422345,0.6154641392244322,0.19899999999999998,0.18290095724654482,0.21509904275345515,0.16699999999999998,0.15422434470167437,0.1797756552983256,-0.08216666666666667,-0.09675351281549055,-0.06757982051784278,-0.10757184924102595,-0.056761484092307385,-0.5820000000000001,-0.6139992161065148,-0.5500007838934854,-0.6373743682233598,-0.5266256317766403,-0.5926666666666667,-0.6303456073050963,-0.5549877260282371,-0.6578697493369866,-0.5274635839963467,0.010666666666666666,-0.005290892304257827,0.026624225637591162,-0.01694775186973145,0.03828108520306479,12,12,12,12,0,0,0,0,0.504,0.4106666666666666,2.3953333333333333,0,0,0,0,12,12,12,12,0,0,0,0,0.5696666666666667,0.44816666666666666,2.2756666666666665,0,0,0,0
six_pair_equal_weight,topic_strong,1000,2.4153333333333333,2.3821348310254153,2.4485318356412513,2.355,2.3260628884036665,2.3839371115963335,0.6038333333333333,0.5955337077563538,0.6121329589103128,0.58875,0.5815157221009166,0.5959842778990834,27.0035,26.724066827917152,27.282933172082846,27.879,27.63932638260068,28.118673617399324,0.16666666666666666,0.16666666666666666,0.16666666666666666,0.21544444444444444,0.2148261512031655,0.21606273768572337,0.6666666666666666,0.6666666666666666,0.6666666666666666,0.6175104166666666,0.6168731200789238,0.6181477132544094,0.06833333333333333,0.05883893233500891,0.07782773433165774,0.0535,0.046104974636049796,0.0608950253639502,-0.06033333333333333,-0.07265338110828848,-0.04801328555837819,-0.08179054621226675,-0.038876120454399914,-0.9508333333333334,-0.9869210254237026,-0.9147456412429642,-1.0132827740787425,-0.8883838925879244,-0.9833333333333334,-1.0254804822278638,-0.941186184438803,-1.0562686119564664,-0.9103980547102005,0.0325,0.015116523627123318,0.049883476372876684,0.002418043664895571,0.06258195633510444,12,12,12,12,0,0,0,0,2.0446666666666666,1.0886666666666667,1.3266666666666667,0,0,0,0,12,12,12,12,0,0,0,0,2.094,1.0963333333333334,1.2586666666666666,0,0,0,0
