known_pair,turns,case_id,n,mean,standard_error,ci_low,ci_high,simultaneous_low,simultaneous_high
akane-koharu,12,S0_R2_T1_C1,1000,0.158,0.016772516725802284,0.12512586721742752,0.19087413278257248,0.09732770804043295,0.21867229195956706
akane-koharu,12,S1_R0_T1_C1,1000,0.016,0.007196929608923225,0.0018940179665104806,0.03010598203348952,-0.010033911403010153,0.04203391140301015
akane-koharu,12,S1_R2_T0_C1,1000,-0.002,0.0031632271505546367,-0.008199925215087087,0.004199925215087088,-0.013442542842579881,0.00944254284257988
akane-koharu,12,S1_R2_T1_C0,1000,0,0.0,0.0,0.0,0.0,0.0
akane-koharu,12,S0_R0_T0_C0,1000,0.174,0.017088476117431185,0.14050658680983485,0.20749341319016512,0.11218476802912353,0.23581523197087645
akane-koharu,12,clamp_A,1000,0.174,0.017088476117431185,0.14050658680983485,0.20749341319016512,0.11218476802912353,0.23581523197087645
akane-koharu,12,clamp_B,1000,0.174,0.017088476117431185,0.14050658680983485,0.20749341319016512,0.11218476802912353,0.23581523197087645
akane-koharu,24,S0_R2_T1_C1,1000,0.09,0.01643685402290141,0.05778376611511323,0.12221623388488675,0.03054192209329537,0.14945807790670462
akane-koharu,24,S1_R0_T1_C1,1000,0.02,0.008346835907676015,0.0036402016209550123,0.03635979837904499,-0.01019354062411246,0.050193540624112465
akane-koharu,24,S1_R2_T0_C1,1000,-0.002,0.0034652572787612764,-0.008791904266372101,0.004791904266372102,-0.014535095643016107,0.010535095643016107
akane-koharu,24,S1_R2_T1_C0,1000,0,0.0,0.0,0.0,0.0,0.0
akane-koharu,24,S0_R0_T0_C0,1000,0.109,0.017361463660084092,0.07497153122623518,0.14302846877376482,0.0461972728213422,0.1718027271786578
akane-koharu,24,clamp_A,1000,0.109,0.017361463660084092,0.07497153122623518,0.14302846877376482,0.0461972728213422,0.1718027271786578
akane-koharu,24,clamp_B,1000,0.109,0.017361463660084092,0.07497153122623518,0.14302846877376482,0.0461972728213422,0.1718027271786578
akane-koharu,36,S0_R2_T1_C1,1000,0.081,0.016754692468670375,0.048160802761406066,0.11383919723859394,0.02039218485988402,0.141607815140116
akane-koharu,36,S1_R0_T1_C1,1000,0.018,0.008108128128103412,0.0021080688689173108,0.033891931131082687,-0.011330047784485788,0.04733004778448578
akane-koharu,36,S1_R2_T0_C1,1000,-0.001,0.0033181335129873857,-0.007503541685455276,0.005503541685455276,-0.013002895483841873,0.011002895483841875
akane-koharu,36,S1_R2_T1_C0,1000,0,0.0,0.0,0.0,0.0,0.0
akane-koharu,36,S0_R0_T0_C0,1000,0.092,0.017257862956746233,0.05817458860477738,0.12582541139522263,0.029572034237466557,0.15442796576253343
akane-koharu,36,clamp_A,1000,0.092,0.017257862956746233,0.05817458860477738,0.12582541139522263,0.029572034237466557,0.15442796576253343
akane-koharu,36,clamp_B,1000,0.092,0.017257862956746233,0.05817458860477738,0.12582541139522263,0.029572034237466557,0.15442796576253343
akane-koharu,48,S0_R2_T1_C1,1000,0.066,0.014895162498806984,0.03680548150233831,0.0951945184976617,0.012118780938667778,0.11988121906133223
akane-koharu,48,S1_R0_T1_C1,1000,0.008,0.007482779696876823,-0.0066662482058785725,0.02266624820587857,-0.01906793511433002,0.03506793511433002
akane-koharu,48,S1_R2_T0_C1,1000,-0.001,0.002646886096152611,-0.006187896748459117,0.004187896748459117,-0.01057474949256956,0.008574749492569558
akane-koharu,48,S1_R2_T1_C0,1000,0,0.0,0.0,0.0,0.0,0.0
akane-koharu,48,S0_R0_T0_C0,1000,0.069,0.015181220947916855,0.039244806942082974,0.09875519305791704,0.014084003509279651,0.12391599649072035
akane-koharu,48,clamp_A,1000,0.069,0.015181220947916855,0.039244806942082974,0.09875519305791704,0.014084003509279651,0.12391599649072035
akane-koharu,48,clamp_B,1000,0.069,0.015181220947916855,0.039244806942082974,0.09875519305791704,0.014084003509279651,0.12391599649072035
akane-midori,12,S0_R2_T1_C1,1000,0.209,0.01488423798991875,0.17982689353975925,0.23817310646024073,0.1551582988597775,0.2628417011402225
akane-midori,12,S1_R0_T1_C1,1000,0.011,0.0032999833166078114,0.004532032699448689,0.01746796730055131,-0.0009372396236112541,0.02293723962361125
akane-midori,12,S1_R2_T0_C1,1000,-0.002,0.002449898365647441,-0.0068018007966689845,0.0028018007966689844,-0.01086217324101179,0.00686217324101179
akane-midori,12,S1_R2_T1_C0,1000,0.005,0.002231586874844889,0.000626089725304018,0.009373910274695982,-0.003072461194534926,0.013072461194534927
akane-midori,12,S0_R0_T0_C0,1000,0.244,0.01608486004672477,0.21247367430841946,0.27552632569158053,0.18581521230010997,0.30218478769989005
akane-midori,12,clamp_A,1000,0.244,0.01608486004672477,0.21247367430841946,0.27552632569158053,0.18581521230010997,0.30218478769989005
akane-midori,12,clamp_B,1000,0.244,0.01608486004672477,0.21247367430841946,0.27552632569158053,0.18581521230010997,0.30218478769989005
akane-midori,24,S0_R2_T1_C1,1000,0.131,0.012409391322421621,0.10667759300805363,0.15532240699194638,0.0861107191804891,0.1758892808195109
akane-midori,24,S1_R0_T1_C1,1000,0.009,0.0033060444537135205,0.0025201528707214996,0.015479847129278499,-0.0029591649605238014,0.020959164960523802
akane-midori,24,S1_R2_T0_C1,1000,0,0.0020010007506255476,-0.003921961471226073,0.003921961471226073,-0.007238347335585014,0.007238347335585014
akane-midori,24,S1_R2_T1_C0,1000,0.002,0.0014135055705578234,-0.0007704709182933338,0.004770470918293334,-0.003113163639385577,0.007113163639385577
akane-midori,24,S0_R0_T0_C0,1000,0.161,0.013388736245749943,0.13475807695833011,0.1872419230416699,0.11256807247524614,0.20943192752475387
akane-midori,24,clamp_A,1000,0.161,0.013388736245749943,0.13475807695833011,0.1872419230416699,0.11256807247524614,0.20943192752475387
akane-midori,24,clamp_B,1000,0.161,0.013388736245749943,0.13475807695833011,0.1872419230416699,0.11256807247524614,0.20943192752475387
akane-midori,36,S0_R2_T1_C1,1000,0.096,0.01090426076829158,0.07462764889414851,0.1173723511058515,0.05655532370289565,0.13544467629710435
akane-midori,36,S1_R0_T1_C1,1000,0.004,0.001996994739098726,8.589031136649761e-05,0.007914109688633503,-0.003223856135193196,0.011223856135193196
akane-midori,36,S1_R2_T0_C1,1000,-0.001,0.001,-0.00296,0.0009599999999999999,-0.004617363628335562,0.002617363628335562
akane-midori,36,S1_R2_T1_C0,1000,0.001,0.001,-0.0009599999999999999,0.00296,-0.002617363628335562,0.004617363628335562
akane-midori,36,S0_R0_T0_C0,1000,0.121,0.012186365639825007,0.09711472334594298,0.144885276654057,0.07691748417289879,0.1650825158271012
akane-midori,36,clamp_A,1000,0.121,0.012186365639825007,0.09711472334594298,0.144885276654057,0.07691748417289879,0.1650825158271012
akane-midori,36,clamp_B,1000,0.121,0.012186365639825007,0.09711472334594298,0.144885276654057,0.07691748417289879,0.1650825158271012
akane-midori,48,S0_R2_T1_C1,1000,0.082,0.010068633342086571,0.06226547864951032,0.10173452135048969,0.045578091961289306,0.1184219080387107
akane-midori,48,S1_R0_T1_C1,1000,0.003,0.001730316154346943,-0.0003914196625200081,0.006391419662520008,-0.0032591827222560937,0.009259182722256093
akane-midori,48,S1_R2_T0_C1,1000,-0.001,0.001,-0.00296,0.0009599999999999999,-0.004617363628335562,0.002617363628335562
akane-midori,48,S1_R2_T1_C0,1000,0,0.0,0.0,0.0,0.0,0.0
akane-midori,48,S0_R0_T0_C0,1000,0.092,0.011029853020673379,0.07038148807948018,0.11361851192051982,0.05210101085712899,0.13189898914287101
akane-midori,48,clamp_A,1000,0.092,0.011029853020673379,0.07038148807948018,0.11361851192051982,0.05210101085712899,0.13189898914287101
akane-midori,48,clamp_B,1000,0.092,0.011029853020673379,0.07038148807948018,0.11361851192051982,0.05210101085712899,0.13189898914287101
akane-kurumi,12,S0_R2_T1_C1,1000,0.143,0.01570979941940055,0.11220879313797491,0.17379120686202507,0.08617194297181331,0.19982805702818668
akane-kurumi,12,S1_R0_T1_C1,1000,0.032,0.006857333521349463,0.018559626298155052,0.04544037370184495,0.007194531132504234,0.05680546886749577
akane-kurumi,12,S1_R2_T0_C1,1000,-0.003,0.001730316154346943,-0.006391419662520008,0.0003914196625200081,-0.009259182722256093,0.0032591827222560937
akane-kurumi,12,S1_R2_T1_C0,1000,0,0.0,0.0,0.0,0.0,0.0
akane-kurumi,12,S0_R0_T0_C0,1000,0.143,0.015517467312412544,0.1125857640676714,0.17341423593232858,0.08686767814019286,0.19913232185980712
akane-kurumi,12,clamp_A,1000,0.143,0.015517467312412544,0.1125857640676714,0.17341423593232858,0.08686767814019286,0.19913232185980712
akane-kurumi,12,clamp_B,1000,0.143,0.015517467312412544,0.1125857640676714,0.17341423593232858,0.08686767814019286,0.19913232185980712
akane-kurumi,24,S0_R2_T1_C1,1000,0.112,0.018968811660613216,0.0748211291451981,0.14917887085480191,0.04338291062615027,0.18061708937384974
akane-kurumi,24,S1_R0_T1_C1,1000,0.023,0.008862818375074012,0.005628875984854936,0.04037112401514506,-0.009060036834536815,0.055060036834536814
akane-kurumi,24,S1_R2_T0_C1,1000,0,0.0014149211999266963,-0.0027732455518563247,0.0027732455518563247,-0.005118284485575741,0.005118284485575741
akane-kurumi,24,S1_R2_T1_C0,1000,0,0.0,0.0,0.0,0.0,0.0
akane-kurumi,24,S0_R0_T0_C0,1000,0.116,0.0190501156664968,0.07866177329366628,0.15333822670633374,0.04708880447242901,0.18491119552757102
akane-kurumi,24,clamp_A,1000,0.116,0.0190501156664968,0.07866177329366628,0.15333822670633374,0.04708880447242901,0.18491119552757102
akane-kurumi,24,clamp_B,1000,0.116,0.0190501156664968,0.07866177329366628,0.15333822670633374,0.04708880447242901,0.18491119552757102
akane-kurumi,36,S0_R2_T1_C1,1000,0.099,0.01963630781446921,0.06051283668364035,0.13748716331635966,0.027968334317137716,0.1700316656828623
akane-kurumi,36,S1_R0_T1_C1,1000,0.025,0.008393178506706827,0.008549370126854621,0.04145062987314538,-0.005361178656289059,0.05536117865628906
akane-kurumi,36,S1_R2_T0_C1,1000,-0.001,0.0017326286393806382,-0.004395952133186051,0.002395952133186051,-0.0072675478215080535,0.0052675478215080535
akane-kurumi,36,S1_R2_T1_C0,1000,0,0.0,0.0,0.0,0.0,0.0
akane-kurumi,36,S0_R0_T0_C0,1000,0.098,0.019615829851953263,0.05955297349017161,0.1364470265098284,0.027042410553925325,0.1689575894460747
akane-kurumi,36,clamp_A,1000,0.098,0.019615829851953263,0.05955297349017161,0.1364470265098284,0.027042410553925325,0.1689575894460747
akane-kurumi,36,clamp_B,1000,0.098,0.019615829851953263,0.05955297349017161,0.1364470265098284,0.027042410553925325,0.1689575894460747
akane-kurumi,48,S0_R2_T1_C1,1000,0.073,0.017832245764036258,0.03804879830248893,0.10795120169751106,0.008494282761634345,0.13750571723836563
akane-kurumi,48,S1_R0_T1_C1,1000,0.012,0.006625699955468849,-0.0009863719127189436,0.024986371912718942,-0.011967566031177566,0.03596756603117757
akane-kurumi,48,S1_R2_T0_C1,1000,-0.001,0.0017326286393806382,-0.004395952133186051,0.002395952133186051,-0.0072675478215080535,0.0052675478215080535
akane-kurumi,48,S1_R2_T1_C0,1000,0,0.0,0.0,0.0,0.0,0.0
akane-kurumi,48,S0_R0_T0_C0,1000,0.072,0.01786435375643729,0.0369858666373829,0.10701413336261709,0.007378136477743977,0.13662186352225603
akane-kurumi,48,clamp_A,1000,0.072,0.01786435375643729,0.0369858666373829,0.10701413336261709,0.007378136477743977,0.13662186352225603
akane-kurumi,48,clamp_B,1000,0.072,0.01786435375643729,0.0369858666373829,0.10701413336261709,0.007378136477743977,0.13662186352225603
koharu-midori,12,S0_R2_T1_C1,1000,0.114,0.010729357814851693,0.0929704586828907,0.13502954131710931,0.07518801128515756,0.15281198871484244
koharu-midori,12,S1_R0_T1_C1,1000,0.015,0.004097778885175699,0.00696835338505563,0.02303164661494437,0.00017684370380397808,0.029823156296196023
koharu-midori,12,S1_R2_T0_C1,1000,-0.004,0.001996994739098726,-0.007914109688633503,-8.589031136649761e-05,-0.011223856135193196,0.003223856135193196
koharu-midori,12,S1_R2_T1_C0,1000,0,0.0,0.0,0.0,0.0,0.0
koharu-midori,12,S0_R0_T0_C0,1000,0.12,0.011032756759836669,0.09837579675072013,0.14162420324927988,0.08009050697669352,0.15990949302330648
koharu-midori,12,clamp_A,1000,0.12,0.011032756759836669,0.09837579675072013,0.14162420324927988,0.08009050697669352,0.15990949302330648
koharu-midori,12,clamp_B,1000,0.12,0.011032756759836669,0.09837579675072013,0.14162420324927988,0.08009050697669352,0.15990949302330648
koharu-midori,24,S0_R2_T1_C1,1000,0.121,0.01266962980988472,0.09616752557262595,0.14583247442737404,0.07516934194124701,0.16683065805875297
koharu-midori,24,S1_R0_T1_C1,1000,0.015,0.004097778885175699,0.00696835338505563,0.02303164661494437,0.00017684370380397808,0.029823156296196023
koharu-midori,24,S1_R2_T0_C1,1000,-0.004,0.002447445605113623,-0.008796993386022701,0.000796993386022701,-0.01285330071426774,0.00485330071426774
koharu-midori,24,S1_R2_T1_C0,1000,0,0.0,0.0,0.0,0.0,0.0
koharu-midori,24,S0_R0_T0_C0,1000,0.125,0.012709702456648486,0.10008898318496896,0.14991101681503102,0.07902438460635262,0.17097561539364736
koharu-midori,24,clamp_A,1000,0.125,0.012709702456648486,0.10008898318496896,0.14991101681503102,0.07902438460635262,0.17097561539364736
koharu-midori,24,clamp_B,1000,0.125,0.012709702456648486,0.10008898318496896,0.14991101681503102,0.07902438460635262,0.17097561539364736
koharu-midori,36,S0_R2_T1_C1,1000,0.125,0.013249549069706129,0.09903088382337599,0.150969116176624,0.07707156310339777,0.17292843689660223
koharu-midori,36,S1_R0_T1_C1,1000,0.011,0.0035905280798083023,0.003962564963575727,0.01803743503642427,-0.001988245682416078,0.023988245682416077
koharu-midori,36,S1_R2_T0_C1,1000,-0.002,0.002,-0.00592,0.0019199999999999998,-0.009234727256671123,0.005234727256671124
koharu-midori,36,S1_R2_T1_C0,1000,0,0.0,0.0,0.0,0.0,0.0
koharu-midori,36,S0_R0_T0_C0,1000,0.127,0.013154620634744435,0.10121694355590091,0.1527830564440991,0.07941495377132302,0.174585046228677
koharu-midori,36,clamp_A,1000,0.127,0.013154620634744435,0.10121694355590091,0.1527830564440991,0.07941495377132302,0.174585046228677
koharu-midori,36,clamp_B,1000,0.127,0.013154620634744435,0.10121694355590091,0.1527830564440991,0.07941495377132302,0.174585046228677
koharu-midori,48,S0_R2_T1_C1,1000,0.102,0.012874849970456424,0.0767652940579054,0.12723470594209457,0.05542698599659374,0.14857301400340625
koharu-midori,48,S1_R0_T1_C1,1000,0.013,0.0038530307351286267,0.005448059759147891,0.020551940240852107,-0.0009378132401133277,0.026937813240113326
koharu-midori,48,S1_R2_T0_C1,1000,-0.001,0.0017326286393806382,-0.004395952133186051,0.002395952133186051,-0.0072675478215080535,0.0052675478215080535
koharu-midori,48,S1_R2_T1_C0,1000,0,0.0,0.0,0.0,0.0,0.0
koharu-midori,48,S0_R0_T0_C0,1000,0.102,0.012952365180296754,0.07661336424661835,0.12738663575338163,0.05514658529587453,0.14885341470412544
koharu-midori,48,clamp_A,1000,0.102,0.012952365180296754,0.07661336424661835,0.12738663575338163,0.05514658529587453,0.14885341470412544
koharu-midori,48,clamp_B,1000,0.102,0.012952365180296754,0.07661336424661835,0.12738663575338163,0.05514658529587453,0.14885341470412544
koharu-kurumi,12,S0_R2_T1_C1,1000,0.171,0.013709374418511845,0.1441296261397168,0.19787037386028322,0.12140820761124127,0.22059179238875876
koharu-kurumi,12,S1_R0_T1_C1,1000,0.025,0.005329484346857902,0.014554210680158513,0.03544578931984149,0.0057213171658925185,0.044278682834107484
koharu-kurumi,12,S1_R2_T0_C1,1000,-0.001,0.002646886096152611,-0.006187896748459117,0.004187896748459117,-0.01057474949256956,0.008574749492569558
koharu-kurumi,12,S1_R2_T1_C0,1000,0,0.0,0.0,0.0,0.0,0.0
koharu-kurumi,12,S0_R0_T0_C0,1000,0.199,0.014338919227215299,0.17089571831465802,0.227104281685342,0.14713091511782994,0.2508690848821701
koharu-kurumi,12,clamp_A,1000,0.199,0.014338919227215299,0.17089571831465802,0.227104281685342,0.14713091511782994,0.2508690848821701
koharu-kurumi,12,clamp_B,1000,0.199,0.014338919227215299,0.17089571831465802,0.227104281685342,0.14713091511782994,0.2508690848821701
koharu-kurumi,24,S0_R2_T1_C1,1000,0.082,0.009968719846368207,0.062461309101118315,0.10153869089888169,0.04593951540668078,0.11806048459331922
koharu-kurumi,24,S1_R0_T1_C1,1000,0.023,0.005338492249643105,0.012536555190699515,0.03346344480930048,0.0036887323059897406,0.04231126769401026
koharu-kurumi,24,S1_R2_T0_C1,1000,0.001,0.0017326286393806382,-0.002395952133186051,0.004395952133186051,-0.0052675478215080535,0.0072675478215080535
koharu-kurumi,24,S1_R2_T1_C0,1000,0,0.0,0.0,0.0,0.0,0.0
koharu-kurumi,24,S0_R0_T0_C0,1000,0.091,0.010901276890247209,0.06963349729511548,0.11236650270488452,0.051566117474804746,0.13043388252519525
koharu-kurumi,24,clamp_A,1000,0.091,0.010901276890247209,0.06963349729511548,0.11236650270488452,0.051566117474804746,0.13043388252519525
koharu-kurumi,24,clamp_B,1000,0.091,0.010901276890247209,0.06963349729511548,0.11236650270488452,0.051566117474804746,0.13043388252519525
koharu-kurumi,36,S0_R2_T1_C1,1000,0.08,0.009884214571613554,0.060626939439637435,0.09937306056036257,0.04424520171398076,0.11575479828601924
koharu-kurumi,36,S1_R0_T1_C1,1000,0.035,0.0059842134663471705,0.02327094160595955,0.04672905839404046,0.013352923862639872,0.056647076137360135
koharu-kurumi,36,S1_R2_T0_C1,1000,0.004,0.001996994739098726,8.589031136649761e-05,0.007914109688633503,-0.003223856135193196,0.011223856135193196
koharu-kurumi,36,S1_R2_T1_C0,1000,0,0.0,0.0,0.0,0.0,0.0
koharu-kurumi,36,S0_R0_T0_C0,1000,0.09,0.010488565679348631,0.06944241126847668,0.11055758873152331,0.05205904399811558,0.1279409560018844
koharu-kurumi,36,clamp_A,1000,0.09,0.010488565679348631,0.06944241126847668,0.11055758873152331,0.05205904399811558,0.1279409560018844
koharu-kurumi,36,clamp_B,1000,0.09,0.010488565679348631,0.06944241126847668,0.11055758873152331,0.05205904399811558,0.1279409560018844
koharu-kurumi,48,S0_R2_T1_C1,1000,0.076,0.009397463078528817,0.05758097236608352,0.09441902763391648,0.04200595886110352,0.10999404113889648
koharu-kurumi,48,S1_R0_T1_C1,1000,0.037,0.006137480645074873,0.02497053793565325,0.049029462064346746,0.014798500744892671,0.05920149925510733
koharu-kurumi,48,S1_R2_T0_C1,1000,0.004,0.001996994739098726,8.589031136649761e-05,0.007914109688633503,-0.003223856135193196,0.011223856135193196
koharu-kurumi,48,S1_R2_T1_C0,1000,0,0.0,0.0,0.0,0.0,0.0
koharu-kurumi,48,S0_R0_T0_C0,1000,0.085,0.009893071963393013,0.06560957895174971,0.1043904210482503,0.04921316130711584,0.12078683869288417
koharu-kurumi,48,clamp_A,1000,0.085,0.009893071963393013,0.06560957895174971,0.1043904210482503,0.04921316130711584,0.12078683869288417
koharu-kurumi,48,clamp_B,1000,0.085,0.009893071963393013,0.06560957895174971,0.1043904210482503,0.04921316130711584,0.12078683869288417
kurumi-midori,12,S0_R2_T1_C1,1000,0.156,0.017086718700673804,0.12251003134667934,0.18948996865332066,0.09419112524458151,0.2178088747554185
kurumi-midori,12,S1_R0_T1_C1,1000,0.007,0.005914895264160303,-0.004593194717754194,0.018593194717754193,-0.014396326993987747,0.028396326993987746
kurumi-midori,12,S1_R2_T0_C1,1000,0.001,0.005002401825525817,-0.008804707578030601,0.010804707578030603,-0.017095506417976507,0.01909550641797651
kurumi-midori,12,S1_R2_T1_C0,1000,0.001,0.002646886096152611,-0.004187896748459117,0.006187896748459117,-0.008574749492569558,0.01057474949256956
kurumi-midori,12,S0_R0_T0_C0,1000,0.19,0.018336745519209132,0.15405997878235012,0.2259400212176499,0.1236693236967678,0.2563306763032322
kurumi-midori,12,clamp_A,1000,0.19,0.018336745519209132,0.15405997878235012,0.2259400212176499,0.1236693236967678,0.2563306763032322
kurumi-midori,12,clamp_B,1000,0.19,0.018336745519209132,0.15405997878235012,0.2259400212176499,0.1236693236967678,0.2563306763032322
kurumi-midori,24,S0_R2_T1_C1,1000,0.122,0.017245678108251162,0.08819847090782773,0.15580152909217226,0.05961611126522941,0.18438388873477057
kurumi-midori,24,S1_R0_T1_C1,1000,0.018,0.006761783915633634,0.004746903525358075,0.031253096474641924,-0.006459831199077528,0.04245983119907752
kurumi-midori,24,S1_R2_T0_C1,1000,0.005,0.0045821388014764455,-0.003980992050893833,0.013980992050893832,-0.011575262240445996,0.021575262240445998
kurumi-midori,24,S1_R2_T1_C0,1000,0.001,0.002646886096152611,-0.004187896748459117,0.006187896748459117,-0.008574749492569558,0.01057474949256956
kurumi-midori,24,S0_R0_T0_C0,1000,0.146,0.018735928987777335,0.10927757918395642,0.18272242081604356,0.07822533193653634,0.21377466806346362
kurumi-midori,24,clamp_A,1000,0.146,0.018735928987777335,0.10927757918395642,0.18272242081604356,0.07822533193653634,0.21377466806346362
kurumi-midori,24,clamp_B,1000,0.146,0.018735928987777335,0.10927757918395642,0.18272242081604356,0.07822533193653634,0.21377466806346362
kurumi-midori,36,S0_R2_T1_C1,1000,0.128,0.01624437994753508,0.09616101530283125,0.15983898469716876,0.06923817081292305,0.18676182918707696
kurumi-midori,36,S1_R0_T1_C1,1000,0.016,0.006146688684306518,0.003952490178759226,0.028047509821240775,-0.006234808081312167,0.03823480808131217
kurumi-midori,36,S1_R2_T0_C1,1000,0.001,0.003607216657204279,-0.006070144648120387,0.008070144648120387,-0.012048614335296949,0.014048614335296947
kurumi-midori,36,S1_R2_T1_C0,1000,0.001,0.002646886096152611,-0.004187896748459117,0.006187896748459117,-0.008574749492569558,0.01057474949256956
kurumi-midori,36,S0_R0_T0_C0,1000,0.172,0.01762744243294321,0.1374502128314313,0.20654978716856867,0.1082351308824923,0.23576486911750766
kurumi-midori,36,clamp_A,1000,0.172,0.01762744243294321,0.1374502128314313,0.20654978716856867,0.1082351308824923,0.23576486911750766
kurumi-midori,36,clamp_B,1000,0.172,0.01762744243294321,0.1374502128314313,0.20654978716856867,0.1082351308824923,0.23576486911750766
kurumi-midori,48,S0_R2_T1_C1,1000,0.105,0.014838975543992087,0.07591560793377551,0.1340843920662245,0.051322029585402114,0.15867797041459789
kurumi-midori,48,S1_R0_T1_C1,1000,0.011,0.00478559316092602,0.0016202374045849992,0.020379762595414998,-0.0063112306403452015,0.0283112306403452
kurumi-midori,48,S1_R2_T0_C1,1000,-0.002,0.002449898365647441,-0.0068018007966689845,0.0028018007966689844,-0.01086217324101179,0.00686217324101179
kurumi-midori,48,S1_R2_T1_C0,1000,-0.002,0.0014135055705578234,-0.004770470918293334,0.0007704709182933338,-0.007113163639385577,0.003113163639385577
kurumi-midori,48,S0_R0_T0_C0,1000,0.137,0.015571559763667654,0.10647974286321141,0.16752025713678861,0.08067200607445514,0.1933279939255449
kurumi-midori,48,clamp_A,1000,0.137,0.015571559763667654,0.10647974286321141,0.16752025713678861,0.08067200607445514,0.1933279939255449
kurumi-midori,48,clamp_B,1000,0.137,0.015571559763667654,0.10647974286321141,0.16752025713678861,0.08067200607445514,0.1933279939255449
