known_pair,turns,case_id,n,mean,standard_error,ci_low,ci_high,simultaneous_low,simultaneous_high,B_greater,equal,B_less,bridge_edge_count_A,bridge_edge_count_B,bridge_edge_familiar_count_A,bridge_edge_familiar_count_B,known_conversations_A,known_conversations_B,known_share_A,known_share_B,endpoint_outbound_bridge_A,endpoint_outbound_bridge_B,bridge_unformed_turns_A,bridge_unformed_turns_B,bridge_all_formed_A,bridge_all_formed_B
akane-koharu,12,S1_R2_T1_C1,1000,-0.174,0.017088476117431185,-0.20749341319016512,-0.14050658680983485,-0.23640356217845634,-0.11159643782154363,49,746,205,2.262,2.088,1.335,1.109,1.587,2.374,0.13225,0.19783333333333333,4.413,3.626,8.5295,8.90375,0.034,0.022
akane-koharu,12,S0_R2_T1_C1,1000,-0.016,0.005637000601008996,-0.02704852117797763,-0.004951478822022369,-0.03658515429273632,0.004585154292736322,7,971,22,2.262,2.246,1.335,1.314,1.587,1.669,0.13225,0.13908333333333334,4.413,4.331,8.5295,8.55325,0.034,0.034
akane-koharu,12,S1_R0_T1_C1,1000,-0.158,0.01578877086049719,-0.1889459908865745,-0.12705400911342551,-0.21565730878187558,-0.10034269121812442,42,767,191,2.262,2.104,1.335,1.138,1.587,2.27,0.13225,0.18916666666666665,4.413,3.73,8.5295,8.8695,0.034,0.023
akane-koharu,12,S1_R2_T0_C1,1000,-0.176,0.01712650919823761,-0.2095679580285457,-0.1424320419714543,-0.23854245108268818,-0.1134575489173118,49,744,207,2.262,2.086,1.335,1.11,1.587,2.368,0.13225,0.19733333333333333,4.413,3.632,8.5295,8.9045,0.034,0.021
akane-koharu,12,S1_R2_T1_C0,1000,-0.174,0.017088476117431185,-0.20749341319016512,-0.14050658680983485,-0.23640356217845634,-0.11159643782154363,49,746,205,2.262,2.088,1.335,1.109,1.587,2.374,0.13225,0.19783333333333333,4.413,3.626,8.5295,8.90375,0.034,0.022
akane-koharu,12,S0_R0_T0_C0,1000,0,0.0,0.0,0.0,0.0,0.0,0,1000,0,2.262,2.262,1.335,1.335,1.587,1.587,0.13225,0.13225,4.413,4.413,8.5295,8.5295,0.034,0.034
akane-koharu,12,clamp_A,1000,0,0.0,0.0,0.0,0.0,0.0,0,1000,0,2.262,2.262,1.335,1.335,1.587,1.587,0.13225,0.13225,4.413,4.413,8.5295,8.5295,0.034,0.034
akane-koharu,12,clamp_B,1000,0,0.0,0.0,0.0,0.0,0.0,0,1000,0,2.088,2.088,1.109,1.109,2.374,2.374,0.19783333333333333,0.19783333333333333,3.626,3.626,8.90375,8.90375,0.022,0.022
akane-koharu,24,S1_R2_T1_C1,1000,-0.109,0.017361463660084092,-0.14302846877376482,-0.07497153122623518,-0.17240045593158088,-0.04559954406841914,90,720,190,2.981,2.872,2.486,2.315,3.281,4.773,0.13670833333333332,0.198875,8.719,7.227,12.42,13.191,0.237,0.192
akane-koharu,24,S0_R2_T1_C1,1000,-0.019,0.0063780623765905325,-0.031501002258117444,-0.0064989977418825565,-0.042291357834397206,0.004291357834397207,10,962,28,2.981,2.962,2.486,2.459,3.281,3.491,0.13670833333333332,0.14545833333333333,8.719,8.509,12.42,12.4895,0.237,0.225
akane-koharu,24,S1_R0_T1_C1,1000,-0.089,0.01616602425893084,-0.12068540754750444,-0.05731459245249555,-0.14803495976399997,-0.02996504023600003,84,746,170,2.981,2.892,2.486,2.345,3.281,4.543,0.13670833333333332,0.18929166666666666,8.719,7.457,12.42,13.08675,0.237,0.195
akane-koharu,24,S1_R2_T0_C1,1000,-0.111,0.017232990917887006,-0.14477666219905855,-0.07722333780094147,-0.1739313001858702,-0.04806869981412981,88,721,191,2.981,2.87,2.486,2.315,3.281,4.766,0.13670833333333332,0.19858333333333333,8.719,7.234,12.42,13.1945,0.237,0.192
akane-koharu,24,S1_R2_T1_C0,1000,-0.109,0.017361463660084092,-0.14302846877376482,-0.07497153122623518,-0.17240045593158088,-0.04559954406841914,90,720,190,2.981,2.872,2.486,2.315,3.281,4.773,0.13670833333333332,0.198875,8.719,7.227,12.42,13.191,0.237,0.192
akane-koharu,24,S0_R0_T0_C0,1000,0,0.0,0.0,0.0,0.0,0.0,0,1000,0,2.981,2.981,2.486,2.486,3.281,3.281,0.13670833333333332,0.13670833333333332,8.719,8.719,12.42,12.42,0.237,0.237
akane-koharu,24,clamp_A,1000,0,0.0,0.0,0.0,0.0,0.0,0,1000,0,2.981,2.981,2.486,2.486,3.281,3.281,0.13670833333333332,0.13670833333333332,8.719,8.719,12.42,12.42,0.237,0.237
akane-koharu,24,clamp_B,1000,0,0.0,0.0,0.0,0.0,0.0,0,1000,0,2.872,2.872,2.315,2.315,4.773,4.773,0.198875,0.198875,7.227,7.227,13.191,13.191,0.192,0.192
akane-koharu,36,S1_R2_T1_C1,1000,-0.092,0.017257862956746233,-0.12582541139522263,-0.05817458860477738,-0.1550221277010208,-0.028977872298979204,101,712,187,3.36,3.268,2.993,2.844,5.019,7.134,0.13941666666666666,0.19816666666666666,12.981,10.866,14.8245,15.9085,0.449,0.388
akane-koharu,36,S0_R2_T1_C1,1000,-0.011,0.005187090312102336,-0.021166697011720578,-0.0008333029882794211,-0.02994217545158179,0.007942175451581792,8,973,19,3.36,3.349,2.993,2.968,5.019,5.292,0.13941666666666666,0.147,12.981,12.708,14.8245,14.94325,0.449,0.441
akane-koharu,36,S1_R0_T1_C1,1000,-0.074,0.015961791214609306,-0.10528511078063424,-0.04271488921936576,-0.1322891431450907,-0.0157108568549093,89,752,159,3.36,3.286,2.993,2.868,5.019,6.808,0.13941666666666666,0.18911111111111112,12.981,11.192,14.8245,15.744,0.449,0.399
akane-koharu,36,S1_R2_T0_C1,1000,-0.093,0.017106830321355376,-0.12652938742985653,-0.05947061257014346,-0.15547058791544707,-0.03052941208455292,99,714,187,3.36,3.267,2.993,2.843,5.019,7.127,0.13941666666666666,0.19797222222222222,12.981,10.873,14.8245,15.914,0.449,0.386
akane-koharu,36,S1_R2_T1_C0,1000,-0.092,0.017257862956746233,-0.12582541139522263,-0.05817458860477738,-0.1550221277010208,-0.028977872298979204,101,712,187,3.36,3.268,2.993,2.844,5.019,7.134,0.13941666666666666,0.19816666666666666,12.981,10.866,14.8245,15.9085,0.449,0.388
akane-koharu,36,S0_R0_T0_C0,1000,0,0.0,0.0,0.0,0.0,0.0,0,1000,0,3.36,3.36,2.993,2.993,5.019,5.019,0.13941666666666666,0.13941666666666666,12.981,12.981,14.8245,14.8245,0.449,0.449
akane-koharu,36,clamp_A,1000,0,0.0,0.0,0.0,0.0,0.0,0,1000,0,3.36,3.36,2.993,2.993,5.019,5.019,0.13941666666666666,0.13941666666666666,12.981,12.981,14.8245,14.8245,0.449,0.449
akane-koharu,36,clamp_B,1000,0,0.0,0.0,0.0,0.0,0.0,0,1000,0,3.268,3.268,2.844,2.844,7.134,7.134,0.19816666666666666,0.19816666666666666,10.866,10.866,15.9085,15.9085,0.388,0.388
akane-koharu,48,S1_R2_T1_C1,1000,-0.069,0.015181220947916855,-0.09875519305791704,-0.039244806942082974,-0.12443866280749587,-0.013561337192504144,80,774,146,3.568,3.499,3.336,3.214,6.771,9.423,0.1410625,0.1963125,17.229,14.577,16.419,17.723,0.611,0.551
akane-koharu,48,S0_R2_T1_C1,1000,-0.003,0.004360047019243027,-0.011545692157716333,0.0055456921577163336,-0.018921985283918114,0.012921985283918115,8,981,11,3.568,3.565,3.336,3.323,6.771,7.069,0.1410625,0.14727083333333332,17.229,16.931,16.419,16.55875,0.611,0.609
akane-koharu,48,S1_R0_T1_C1,1000,-0.061,0.014542712624902223,-0.08950371674480835,-0.032496283255191646,-0.11410696315429733,-0.00789303684570266,74,794,132,3.568,3.507,3.336,3.239,6.771,9.02,0.1410625,0.18791666666666668,17.229,14.98,16.419,17.5175,0.611,0.555
akane-koharu,48,S1_R2_T0_C1,1000,-0.07,0.01514362338838791,-0.0996815018412403,-0.0403184981587597,-0.12530136433642686,-0.014698635663573163,79,775,146,3.568,3.498,3.336,3.213,6.771,9.418,0.1410625,0.19620833333333335,17.229,14.582,16.419,17.72875,0.611,0.55
akane-koharu,48,S1_R2_T1_C0,1000,-0.069,0.015181220947916855,-0.09875519305791704,-0.039244806942082974,-0.12443866280749587,-0.013561337192504144,80,774,146,3.568,3.499,3.336,3.214,6.771,9.423,0.1410625,0.1963125,17.229,14.577,16.419,17.723,0.611,0.551
akane-koharu,48,S0_R0_T0_C0,1000,0,0.0,0.0,0.0,0.0,0.0,0,1000,0,3.568,3.568,3.336,3.336,6.771,6.771,0.1410625,0.1410625,17.229,17.229,16.419,16.419,0.611,0.611
akane-koharu,48,clamp_A,1000,0,0.0,0.0,0.0,0.0,0.0,0,1000,0,3.568,3.568,3.336,3.336,6.771,6.771,0.1410625,0.1410625,17.229,17.229,16.419,16.419,0.611,0.611
akane-koharu,48,clamp_B,1000,0,0.0,0.0,0.0,0.0,0.0,0,1000,0,3.499,3.499,3.214,3.214,9.423,9.423,0.1963125,0.1963125,14.577,14.577,17.723,17.723,0.551,0.551
akane-midori,12,S1_R2_T1_C1,1000,-0.244,0.01608486004672477,-0.27552632569158053,-0.21247367430841946,-0.3027385649346272,-0.18526143506537282,15,747,238,2.342,2.098,1.397,1.163,1.502,2.373,0.12516666666666665,0.19774999999999998,4.498,3.627,8.4115,8.90025,0.03,0.007
akane-midori,12,S0_R2_T1_C1,1000,-0.035,0.006769107830491462,-0.048267451347763266,-0.021732548652236738,-0.059719374535793845,-0.010280625464206158,5,956,39,2.342,2.307,1.397,1.369,1.502,1.636,0.12516666666666665,0.13633333333333333,4.498,4.364,8.4115,8.45325,0.03,0.025
akane-midori,12,S1_R0_T1_C1,1000,-0.233,0.015904840897159704,-0.26417348815843306,-0.201826511841567,-0.29108117242542986,-0.17491882757457014,16,755,229,2.342,2.109,1.397,1.172,1.502,2.341,0.12516666666666665,0.19508333333333333,4.498,3.659,8.4115,8.87975,0.03,0.007
akane-midori,12,S1_R2_T0_C1,1000,-0.246,0.016116567368510696,-0.277588472042281,-0.21441152795771903,-0.3048543534820075,-0.1871456465179925,15,745,240,2.342,2.096,1.397,1.161,1.502,2.377,0.12516666666666665,0.19808333333333333,4.498,3.623,8.4115,8.901,0.03,0.007
akane-midori,12,S1_R2_T1_C0,1000,-0.239,0.01594155366120671,-0.27024544517596516,-0.20775455482403482,-0.2972152398073431,-0.1807847601926569,15,751,234,2.342,2.103,1.397,1.169,1.502,2.356,0.12516666666666665,0.19633333333333333,4.498,3.644,8.4115,8.88575,0.03,0.007
akane-midori,12,S0_R0_T0_C0,1000,0,0.0,0.0,0.0,0.0,0.0,0,1000,0,2.342,2.342,1.397,1.397,1.502,1.502,0.12516666666666665,0.12516666666666665,4.498,4.498,8.4115,8.4115,0.03,0.03
akane-midori,12,clamp_A,1000,0,0.0,0.0,0.0,0.0,0.0,0,1000,0,2.342,2.342,1.397,1.397,1.502,1.502,0.12516666666666665,0.12516666666666665,4.498,4.498,8.4115,8.4115,0.03,0.03
akane-midori,12,clamp_B,1000,0,0.0,0.0,0.0,0.0,0.0,0,1000,0,2.098,2.098,1.163,1.163,2.373,2.373,0.19774999999999998,0.19774999999999998,3.627,3.627,8.90025,8.90025,0.007,0.007
akane-midori,24,S1_R2_T1_C1,1000,-0.161,0.013388736245749943,-0.1872419230416699,-0.13475807695833011,-0.20989288132312442,-0.11210711867687559,12,825,163,3.062,2.901,2.603,2.411,3.054,4.763,0.12725,0.19845833333333335,8.946,7.237,11.95925,13.0025,0.245,0.161
akane-midori,24,S0_R2_T1_C1,1000,-0.03,0.005579527859158975,-0.04093587460395159,-0.01906412539604841,-0.050375275787774385,-0.00962472421222561,1,968,31,3.062,3.032,2.603,2.573,3.054,3.43,0.12725,0.14291666666666666,8.946,8.57,11.95925,12.09125,0.245,0.229
akane-midori,24,S1_R0_T1_C1,1000,-0.152,0.013002502261682753,-0.1774849044328982,-0.1265150955671018,-0.19948243510928185,-0.10451756489071815,12,832,156,3.062,2.91,2.603,2.419,3.054,4.705,0.12725,0.19604166666666667,8.946,7.295,11.95925,12.94975,0.245,0.164
akane-midori,24,S1_R2_T0_C1,1000,-0.161,0.013313761912256665,-0.18709497334802305,-0.13490502665197696,-0.20961909064396822,-0.11238090935603179,12,824,164,3.062,2.901,2.603,2.41,3.054,4.763,0.12725,0.19845833333333335,8.946,7.237,11.95925,13.00475,0.245,0.16
akane-midori,24,S1_R2_T1_C0,1000,-0.159,0.013262537272139704,-0.1849945730533938,-0.1330054269466062,-0.2074320289075886,-0.11056797109241139,12,826,162,3.062,2.903,2.603,2.415,3.054,4.739,0.12725,0.19745833333333335,8.946,7.261,11.95925,12.97725,0.245,0.161
akane-midori,24,S0_R0_T0_C0,1000,0,0.0,0.0,0.0,0.0,0.0,0,1000,0,3.062,3.062,2.603,2.603,3.054,3.054,0.12725,0.12725,8.946,8.946,11.95925,11.95925,0.245,0.245
akane-midori,24,clamp_A,1000,0,0.0,0.0,0.0,0.0,0.0,0,1000,0,3.062,3.062,2.603,2.603,3.054,3.054,0.12725,0.12725,8.946,8.946,11.95925,11.95925,0.245,0.245
akane-midori,24,clamp_B,1000,0,0.0,0.0,0.0,0.0,0.0,0,1000,0,2.901,2.901,2.411,2.411,4.763,4.763,0.19845833333333335,0.19845833333333335,7.237,7.237,13.0025,13.0025,0.161,0.161
akane-midori,36,S1_R2_T1_C1,1000,-0.121,0.012186365639825007,-0.144885276654057,-0.09711472334594298,-0.16550207383667756,-0.07649792616332243,14,858,128,3.363,3.242,3.076,2.896,4.619,7.051,0.12830555555555556,0.1958611111111111,13.381,10.949,14.23975,15.69275,0.424,0.341
akane-midori,36,S0_R2_T1_C1,1000,-0.025,0.005138229403345223,-0.035070929630556635,-0.014929070369443364,-0.04376374557072131,-0.0062362544292786926,1,973,26,3.363,3.338,3.076,3.046,4.619,5.178,0.12830555555555556,0.14383333333333334,13.381,12.822,14.23975,14.44575,0.424,0.408
akane-midori,36,S1_R0_T1_C1,1000,-0.117,0.012060533008804232,-0.1406386446972563,-0.09336135530274371,-0.16104255922811783,-0.07295744077188217,14,862,124,3.363,3.246,3.076,2.899,4.619,6.988,0.12830555555555556,0.1941111111111111,13.381,11.012,14.23975,15.624,0.424,0.343
akane-midori,36,S1_R2_T0_C1,1000,-0.122,0.012217416472612583,-0.14594613628632067,-0.09805386371367933,-0.16661546502271643,-0.07738453497728356,14,857,129,3.363,3.241,3.076,2.895,4.619,7.053,0.12830555555555556,0.19591666666666666,13.381,10.947,14.23975,15.69575,0.424,0.34
akane-midori,36,S1_R2_T1_C0,1000,-0.12,0.012155153135512024,-0.14382410014560357,-0.09617589985439642,-0.16438809225983855,-0.07561190774016144,14,859,127,3.363,3.243,3.076,2.896,4.619,7.024,0.12830555555555556,0.1951111111111111,13.381,10.976,14.23975,15.664,0.424,0.341
akane-midori,36,S0_R0_T0_C0,1000,0,0.0,0.0,0.0,0.0,0.0,0,1000,0,3.363,3.363,3.076,3.076,4.619,4.619,0.12830555555555556,0.12830555555555556,13.381,13.381,14.23975,14.23975,0.424,0.424
akane-midori,36,clamp_A,1000,0,0.0,0.0,0.0,0.0,0.0,0,1000,0,3.363,3.363,3.076,3.076,4.619,4.619,0.12830555555555556,0.12830555555555556,13.381,13.381,14.23975,14.23975,0.424,0.424
akane-midori,36,clamp_B,1000,0,0.0,0.0,0.0,0.0,0.0,0,1000,0,3.242,3.242,2.896,2.896,7.051,7.051,0.1958611111111111,0.1958611111111111,10.949,10.949,15.69275,15.69275,0.341,0.341
akane-midori,48,S1_R2_T1_C1,1000,-0.092,0.011029853020673379,-0.11361851192051982,-0.07038148807948018,-0.1322787301842977,-0.051721269815702305,15,882,103,3.53,3.438,3.33,3.189,6.206,9.324,0.12929166666666667,0.19425,17.794,14.676,15.8725,17.64325,0.548,0.481
akane-midori,48,S0_R2_T1_C1,1000,-0.01,0.003989475644231446,-0.017819372262693634,-0.0021806277373063662,-0.024568735662174344,0.004568735662174342,3,984,13,3.53,3.52,3.33,3.303,6.206,6.888,0.12929166666666667,0.1435,17.794,17.112,15.8725,16.12875,0.548,0.541
akane-midori,48,S1_R0_T1_C1,1000,-0.089,0.010917792734715118,-0.11039887376004162,-0.06760112623995837,-0.1288695093167097,-0.0491304906832903,15,885,100,3.53,3.441,3.33,3.191,6.206,9.258,0.12929166666666667,0.192875,17.794,14.742,15.8725,17.56525,0.548,0.483
akane-midori,48,S1_R2_T0_C1,1000,-0.093,0.011066773399391237,-0.11469087586280682,-0.07130912413719317,-0.1334135557318269,-0.05258644426817312,15,881,104,3.53,3.437,3.33,3.187,6.206,9.326,0.12929166666666667,0.19429166666666667,17.794,14.674,15.8725,17.64925,0.548,0.48
akane-midori,48,S1_R2_T1_C0,1000,-0.092,0.011029853020673379,-0.11361851192051982,-0.07038148807948018,-0.1322787301842977,-0.051721269815702305,15,882,103,3.53,3.438,3.33,3.189,6.206,9.297,0.12929166666666667,0.1936875,17.794,14.703,15.8725,17.61425,0.548,0.481
akane-midori,48,S0_R0_T0_C0,1000,0,0.0,0.0,0.0,0.0,0.0,0,1000,0,3.53,3.53,3.33,3.33,6.206,6.206,0.12929166666666667,0.12929166666666667,17.794,17.794,15.8725,15.8725,0.548,0.548
akane-midori,48,clamp_A,1000,0,0.0,0.0,0.0,0.0,0.0,0,1000,0,3.53,3.53,3.33,3.33,6.206,6.206,0.12929166666666667,0.12929166666666667,17.794,17.794,15.8725,15.8725,0.548,0.548
akane-midori,48,clamp_B,1000,0,0.0,0.0,0.0,0.0,0.0,0,1000,0,3.438,3.438,3.189,3.189,9.324,9.324,0.19425,0.19425,14.676,14.676,17.64325,17.64325,0.481,0.481
akane-kurumi,12,S1_R2_T1_C1,1000,-0.143,0.015517467312412544,-0.17341423593232858,-0.1125857640676714,-0.19966656462682092,-0.08633343537317906,41,784,175,1.038,0.895,0.224,0.179,2.978,3.464,0.24816666666666667,0.2886666666666667,3.022,2.536,10.7225,10.93375,0,0
akane-kurumi,12,S0_R2_T1_C1,1000,0,0.002450715406979359,-0.004803402197679544,0.004803402197679544,-0.00894950317571834,0.00894950317571834,3,994,3,1.038,1.038,0.224,0.22,2.978,2.975,0.24816666666666667,0.24791666666666667,3.022,3.025,10.7225,10.725,0,0
akane-kurumi,12,S1_R0_T1_C1,1000,-0.111,0.014659259663908472,-0.1397321489412606,-0.08226785105873939,-0.16453256871124472,-0.05746743128875527,40,818,142,1.038,0.927,0.224,0.187,2.978,3.368,0.24816666666666667,0.2806666666666667,3.022,2.632,10.7225,10.88475,0,0
akane-kurumi,12,S1_R2_T0_C1,1000,-0.146,0.01558611327197794,-0.17654878201307675,-0.11545121798692323,-0.20291724540002745,-0.08908275459997253,41,781,178,1.038,0.892,0.224,0.178,2.978,3.472,0.24816666666666667,0.28933333333333333,3.022,2.528,10.7225,10.939,0,0
akane-kurumi,12,S1_R2_T1_C0,1000,-0.143,0.015517467312412544,-0.17341423593232858,-0.1125857640676714,-0.19966656462682092,-0.08633343537317906,41,784,175,1.038,0.895,0.224,0.179,2.978,3.464,0.24816666666666667,0.2886666666666667,3.022,2.536,10.7225,10.93375,0,0
akane-kurumi,12,S0_R0_T0_C0,1000,0,0.0,0.0,0.0,0.0,0.0,0,1000,0,1.038,1.038,0.224,0.224,2.978,2.978,0.24816666666666667,0.24816666666666667,3.022,3.022,10.7225,10.7225,0,0
akane-kurumi,12,clamp_A,1000,0,0.0,0.0,0.0,0.0,0.0,0,1000,0,1.038,1.038,0.224,0.224,2.978,2.978,0.24816666666666667,0.24816666666666667,3.022,3.022,10.7225,10.7225,0,0
akane-kurumi,12,clamp_B,1000,0,0.0,0.0,0.0,0.0,0.0,0,1000,0,0.895,0.895,0.179,0.179,3.464,3.464,0.2886666666666667,0.2886666666666667,2.536,2.536,10.93375,10.93375,0,0
akane-kurumi,24,S1_R2_T1_C1,1000,-0.116,0.0190501156664968,-0.15333822670633374,-0.07866177329366628,-0.18556706199731773,-0.04643293800268228,104,690,206,2.061,1.945,1.197,1.028,5.825,6.725,0.24270833333333333,0.28020833333333334,6.175,5.275,17.83925,18.453,0.039,0.028
akane-kurumi,24,S0_R2_T1_C1,1000,-0.004,0.002827011141115647,-0.009540941836586669,0.0015409418365866677,-0.014323656966922026,0.0063236569669220255,2,992,6,2.061,2.057,1.197,1.198,5.825,5.823,0.24270833333333333,0.242625,6.175,6.177,17.83925,17.847,0.039,0.038
akane-kurumi,24,S1_R0_T1_C1,1000,-0.093,0.01751164348819544,-0.12732282123686306,-0.05867717876313694,-0.15694888144226388,-0.029051118557736136,89,739,172,2.061,1.968,1.197,1.066,5.825,6.555,0.24270833333333333,0.273125,6.175,5.445,17.83925,18.3225,0.039,0.031
akane-kurumi,24,S1_R2_T0_C1,1000,-0.116,0.0190501156664968,-0.15333822670633374,-0.07866177329366628,-0.18556706199731773,-0.04643293800268228,104,690,206,2.061,1.945,1.197,1.026,5.825,6.733,0.24270833333333333,0.2805416666666667,6.175,5.267,17.83925,18.4605,0.039,0.028
akane-kurumi,24,S1_R2_T1_C0,1000,-0.116,0.0190501156664968,-0.15333822670633374,-0.07866177329366628,-0.18556706199731773,-0.04643293800268228,104,690,206,2.061,1.945,1.197,1.028,5.825,6.725,0.24270833333333333,0.28020833333333334,6.175,5.275,17.83925,18.453,0.039,0.028
akane-kurumi,24,S0_R0_T0_C0,1000,0,0.0,0.0,0.0,0.0,0.0,0,1000,0,2.061,2.061,1.197,1.197,5.825,5.825,0.24270833333333333,0.24270833333333333,6.175,6.175,17.83925,17.83925,0.039,0.039
akane-kurumi,24,clamp_A,1000,0,0.0,0.0,0.0,0.0,0.0,0,1000,0,2.061,2.061,1.197,1.197,5.825,5.825,0.24270833333333333,0.24270833333333333,6.175,6.175,17.83925,17.83925,0.039,0.039
akane-kurumi,24,clamp_B,1000,0,0.0,0.0,0.0,0.0,0.0,0,1000,0,1.945,1.945,1.028,1.028,6.725,6.725,0.28020833333333334,0.28020833333333334,5.275,5.275,18.453,18.453,0.028,0.028
akane-kurumi,36,S1_R2_T1_C1,1000,-0.098,0.019615829851953263,-0.1364470265098284,-0.05955297349017161,-0.16963293259366402,-0.026367067406335973,123,674,203,2.725,2.627,2.077,1.898,8.559,9.834,0.23775,0.27316666666666667,9.441,8.166,22.50375,23.44075,0.164,0.134
akane-kurumi,36,S0_R2_T1_C1,1000,0.001,0.0017326286393806382,-0.002395952133186051,0.004395952133186051,-0.005327199586829939,0.007327199586829939,2,997,1,2.725,2.726,2.077,2.074,8.559,8.557,0.23775,0.23769444444444446,9.441,9.443,22.50375,22.515,0.164,0.164
akane-kurumi,36,S1_R0_T1_C1,1000,-0.073,0.01816592967620983,-0.10860522216537126,-0.03739477783462873,-0.1393381985783081,-0.006661801421691885,109,725,166,2.725,2.652,2.077,1.934,8.559,9.621,0.23775,0.26725,9.441,8.379,22.50375,23.23025,0.164,0.138
akane-kurumi,36,S1_R2_T0_C1,1000,-0.099,0.01963630781446921,-0.13748716331635966,-0.06051283668364035,-0.17070771385551387,-0.027292286144486158,123,673,204,2.725,2.626,2.077,1.898,8.559,9.842,0.23775,0.2733888888888889,9.441,8.158,22.50375,23.451,0.164,0.134
akane-kurumi,36,S1_R2_T1_C0,1000,-0.098,0.019615829851953263,-0.1364470265098284,-0.05955297349017161,-0.16963293259366402,-0.026367067406335973,123,674,203,2.725,2.627,2.077,1.898,8.559,9.834,0.23775,0.27316666666666667,9.441,8.166,22.50375,23.44075,0.164,0.134
akane-kurumi,36,S0_R0_T0_C0,1000,0,0.0,0.0,0.0,0.0,0.0,0,1000,0,2.725,2.725,2.077,2.077,8.559,8.559,0.23775,0.23775,9.441,9.441,22.50375,22.50375,0.164,0.164
akane-kurumi,36,clamp_A,1000,0,0.0,0.0,0.0,0.0,0.0,0,1000,0,2.725,2.725,2.077,2.077,8.559,8.559,0.23775,0.23775,9.441,9.441,22.50375,22.50375,0.164,0.164
akane-kurumi,36,clamp_B,1000,0,0.0,0.0,0.0,0.0,0.0,0,1000,0,2.627,2.627,1.898,1.898,9.834,9.834,0.27316666666666667,0.27316666666666667,8.166,8.166,23.44075,23.44075,0.134,0.134
akane-kurumi,48,S1_R2_T1_C1,1000,-0.072,0.01786435375643729,-0.10701413336261709,-0.0369858666373829,-0.13723690601531274,-0.006763093984687246,104,727,169,3.098,3.026,2.666,2.527,11.244,12.909,0.23424999999999999,0.2689375,12.756,11.091,25.73,26.90525,0.311,0.276
akane-kurumi,48,S0_R2_T1_C1,1000,0.001,0.0017326286393806382,-0.002395952133186051,0.004395952133186051,-0.005327199586829939,0.007327199586829939,2,997,1,3.098,3.099,2.666,2.665,11.244,11.243,0.23424999999999999,0.23422916666666665,12.756,12.757,25.73,25.73725,0.311,0.312
akane-kurumi,48,S1_R0_T1_C1,1000,-0.06,0.01669367181535203,-0.09271959675808997,-0.02728040324191002,-0.12096181894495717,0.0009618189449571782,94,757,149,3.098,3.038,2.666,2.551,11.244,12.669,0.23424999999999999,0.2639375,12.756,11.331,25.73,26.63425,0.311,0.276
akane-kurumi,48,S1_R2_T0_C1,1000,-0.073,0.01788829200876906,-0.10806105233718735,-0.03793894766281264,-0.13832432353619428,-0.007675676463805722,104,726,170,3.098,3.025,2.666,2.527,11.244,12.917,0.23424999999999999,0.26910416666666664,12.756,11.083,25.73,26.9185,0.311,0.276
akane-kurumi,48,S1_R2_T1_C0,1000,-0.072,0.01786435375643729,-0.10701413336261709,-0.0369858666373829,-0.13723690601531274,-0.006763093984687246,104,727,169,3.098,3.026,2.666,2.527,11.244,12.909,0.23424999999999999,0.2689375,12.756,11.091,25.73,26.90525,0.311,0.276
akane-kurumi,48,S0_R0_T0_C0,1000,0,0.0,0.0,0.0,0.0,0.0,0,1000,0,3.098,3.098,2.666,2.666,11.244,11.244,0.23424999999999999,0.23424999999999999,12.756,12.756,25.73,25.73,0.311,0.311
akane-kurumi,48,clamp_A,1000,0,0.0,0.0,0.0,0.0,0.0,0,1000,0,3.098,3.098,2.666,2.666,11.244,11.244,0.23424999999999999,0.23424999999999999,12.756,12.756,25.73,25.73,0.311,0.311
akane-kurumi,48,clamp_B,1000,0,0.0,0.0,0.0,0.0,0.0,0,1000,0,3.026,3.026,2.527,2.527,12.909,12.909,0.2689375,0.2689375,11.091,11.091,26.90525,26.90525,0.276,0.276
koharu-midori,12,S1_R2_T1_C1,1000,-0.12,0.011032756759836669,-0.14162420324927988,-0.09837579675072013,-0.16028933403605025,-0.07971066596394974,6,870,124,1.038,0.918,0.224,0.188,2.898,3.403,0.2415,0.28358333333333335,3.102,2.597,10.7225,10.881,0,0
koharu-midori,12,S0_R2_T1_C1,1000,-0.006,0.003460632308693886,-0.012782839325040016,0.0007828393250400162,-0.018637509744480203,0.006637509744480205,3,988,9,1.038,1.032,0.224,0.222,2.898,2.914,0.2415,0.24283333333333332,3.102,3.086,10.7225,10.73325,0,0
koharu-midori,12,S1_R0_T1_C1,1000,-0.105,0.010396301413631825,-0.12537675077071836,-0.08462324922928162,-0.14296513142735823,-0.06703486857264176,5,887,108,1.038,0.933,0.224,0.191,2.898,3.349,0.2415,0.27908333333333335,3.102,2.651,10.7225,10.864,0,0
koharu-midori,12,S1_R2_T0_C1,1000,-0.124,0.011258363591159719,-0.14606639263867305,-0.10193360736132695,-0.16511320328159354,-0.08288679671840646,6,867,127,1.038,0.914,0.224,0.188,2.898,3.412,0.2415,0.2843333333333333,3.102,2.588,10.7225,10.891,0,0
koharu-midori,12,S1_R2_T1_C0,1000,-0.12,0.011032756759836669,-0.14162420324927988,-0.09837579675072013,-0.16028933403605025,-0.07971066596394974,6,870,124,1.038,0.918,0.224,0.188,2.898,3.403,0.2415,0.28358333333333335,3.102,2.597,10.7225,10.881,0,0
koharu-midori,12,S0_R0_T0_C0,1000,0,0.0,0.0,0.0,0.0,0.0,0,1000,0,1.038,1.038,0.224,0.224,2.898,2.898,0.2415,0.2415,3.102,3.102,10.7225,10.7225,0,0
koharu-midori,12,clamp_A,1000,0,0.0,0.0,0.0,0.0,0.0,0,1000,0,1.038,1.038,0.224,0.224,2.898,2.898,0.2415,0.2415,3.102,3.102,10.7225,10.7225,0,0
koharu-midori,12,clamp_B,1000,0,0.0,0.0,0.0,0.0,0.0,0,1000,0,0.918,0.918,0.188,0.188,3.403,3.403,0.28358333333333335,0.28358333333333335,2.597,2.597,10.881,10.881,0,0
koharu-midori,24,S1_R2_T1_C1,1000,-0.125,0.012709702456648486,-0.14991101681503102,-0.10008898318496896,-0.17141319109280356,-0.07858680890719645,21,838,141,2.061,1.936,1.197,1.069,5.681,6.592,0.23670833333333333,0.27466666666666667,6.319,5.408,17.83925,18.382,0.039,0.031
koharu-midori,24,S0_R2_T1_C1,1000,-0.004,0.002827011141115647,-0.009540941836586669,0.0015409418365866677,-0.014323656966922026,0.0063236569669220255,2,992,6,2.061,2.057,1.197,1.192,5.681,5.701,0.23670833333333333,0.23754166666666668,6.319,6.299,17.83925,17.8645,0.039,0.039
koharu-midori,24,S1_R0_T1_C1,1000,-0.11,0.012167499662956563,-0.13384829933939485,-0.08615170066060514,-0.15443317921128927,-0.06556682078871073,21,852,127,2.061,1.951,1.197,1.08,5.681,6.51,0.23670833333333333,0.27125,6.319,5.49,17.83925,18.312,0.039,0.031
koharu-midori,24,S1_R2_T0_C1,1000,-0.129,0.012904476956681567,-0.15429277483509587,-0.10370722516490413,-0.17612446707435195,-0.08187553292564806,21,835,144,2.061,1.932,1.197,1.066,5.681,6.603,0.23670833333333333,0.275125,6.319,5.397,17.83925,18.40575,0.039,0.03
koharu-midori,24,S1_R2_T1_C0,1000,-0.125,0.012709702456648486,-0.14991101681503102,-0.10008898318496896,-0.17141319109280356,-0.07858680890719645,21,838,141,2.061,1.936,1.197,1.069,5.681,6.592,0.23670833333333333,0.27466666666666667,6.319,5.408,17.83925,18.382,0.039,0.031
koharu-midori,24,S0_R0_T0_C0,1000,0,0.0,0.0,0.0,0.0,0.0,0,1000,0,2.061,2.061,1.197,1.197,5.681,5.681,0.23670833333333333,0.23670833333333333,6.319,6.319,17.83925,17.83925,0.039,0.039
koharu-midori,24,clamp_A,1000,0,0.0,0.0,0.0,0.0,0.0,0,1000,0,2.061,2.061,1.197,1.197,5.681,5.681,0.23670833333333333,0.23670833333333333,6.319,6.319,17.83925,17.83925,0.039,0.039
koharu-midori,24,clamp_B,1000,0,0.0,0.0,0.0,0.0,0.0,0,1000,0,1.936,1.936,1.069,1.069,6.592,6.592,0.27466666666666667,0.27466666666666667,5.408,5.408,18.382,18.382,0.031,0.031
koharu-midori,36,S1_R2_T1_C1,1000,-0.127,0.013154620634744435,-0.1527830564440991,-0.10121694355590091,-0.17503793978311039,-0.07896206021688962,23,835,142,2.725,2.598,2.077,1.916,8.426,9.73,0.23405555555555554,0.2702777777777778,9.574,8.27,22.50375,23.4375,0.164,0.134
koharu-midori,36,S0_R2_T1_C1,1000,-0.002,0.002,-0.00592,0.0019199999999999998,-0.009303584210742032,0.0053035842107420315,1,996,3,2.725,2.723,2.077,2.071,8.426,8.445,0.23405555555555554,0.23458333333333334,9.574,9.555,22.50375,22.53575,0.164,0.164
koharu-midori,36,S1_R0_T1_C1,1000,-0.116,0.012676935935181842,-0.14084679443295642,-0.0911532055670436,-0.16229353456839118,-0.06970646543160883,22,847,131,2.725,2.609,2.077,1.931,8.426,9.643,0.23405555555555554,0.2678611111111111,9.574,8.357,22.50375,23.3295,0.164,0.136
koharu-midori,36,S1_R2_T0_C1,1000,-0.129,0.013211114015613276,-0.154893783470602,-0.10310621652939798,-0.17724424186537294,-0.08075575813462707,23,833,144,2.725,2.596,2.077,1.912,8.426,9.741,0.23405555555555554,0.27058333333333334,9.574,8.259,22.50375,23.47025,0.164,0.134
koharu-midori,36,S1_R2_T1_C0,1000,-0.127,0.013154620634744435,-0.1527830564440991,-0.10121694355590091,-0.17503793978311039,-0.07896206021688962,23,835,142,2.725,2.598,2.077,1.916,8.426,9.73,0.23405555555555554,0.2702777777777778,9.574,8.27,22.50375,23.4375,0.164,0.134
koharu-midori,36,S0_R0_T0_C0,1000,0,0.0,0.0,0.0,0.0,0.0,0,1000,0,2.725,2.725,2.077,2.077,8.426,8.426,0.23405555555555554,0.23405555555555554,9.574,9.574,22.50375,22.50375,0.164,0.164
koharu-midori,36,clamp_A,1000,0,0.0,0.0,0.0,0.0,0.0,0,1000,0,2.725,2.725,2.077,2.077,8.426,8.426,0.23405555555555554,0.23405555555555554,9.574,9.574,22.50375,22.50375,0.164,0.164
koharu-midori,36,clamp_B,1000,0,0.0,0.0,0.0,0.0,0.0,0,1000,0,2.598,2.598,1.916,1.916,9.73,9.73,0.2702777777777778,0.2702777777777778,8.27,8.27,23.4375,23.4375,0.134,0.134
koharu-midori,48,S1_R2_T1_C1,1000,-0.102,0.012952365180296754,-0.12738663575338163,-0.07661336424661835,-0.1492993449112901,-0.054700655088709874,30,846,124,3.098,2.996,2.666,2.524,11.103,12.762,0.2313125,0.265875,12.897,11.238,25.73,26.981,0.311,0.268
koharu-midori,48,S0_R2_T1_C1,1000,0,0.0014149211999266963,-0.0027732455518563247,0.0027732455518563247,-0.005166998067614394,0.005166998067614394,1,998,1,3.098,3.098,2.666,2.664,11.103,11.121,0.2313125,0.2316875,12.897,12.879,25.73,25.76375,0.311,0.312
koharu-midori,48,S1_R0_T1_C1,1000,-0.089,0.012297570094544297,-0.11310323738530681,-0.06489676261469318,-0.13390816938650357,-0.04409183061349643,29,859,112,3.098,3.009,2.666,2.538,11.103,12.67,0.2313125,0.26395833333333335,12.897,11.33,25.73,26.83725,0.311,0.273
koharu-midori,48,S1_R2_T0_C1,1000,-0.103,0.012983048931570719,-0.1284467759058786,-0.07755322409412138,-0.15041139559195554,-0.055588604408044445,30,845,125,3.098,2.995,2.666,2.52,11.103,12.773,0.2313125,0.26610416666666664,12.897,11.227,25.73,27.017,0.311,0.266
koharu-midori,48,S1_R2_T1_C0,1000,-0.102,0.012952365180296754,-0.12738663575338163,-0.07661336424661835,-0.1492993449112901,-0.054700655088709874,30,846,124,3.098,2.996,2.666,2.524,11.103,12.762,0.2313125,0.265875,12.897,11.238,25.73,26.981,0.311,0.268
koharu-midori,48,S0_R0_T0_C0,1000,0,0.0,0.0,0.0,0.0,0.0,0,1000,0,3.098,3.098,2.666,2.666,11.103,11.103,0.2313125,0.2313125,12.897,12.897,25.73,25.73,0.311,0.311
koharu-midori,48,clamp_A,1000,0,0.0,0.0,0.0,0.0,0.0,0,1000,0,3.098,3.098,2.666,2.666,11.103,11.103,0.2313125,0.2313125,12.897,12.897,25.73,25.73,0.311,0.311
koharu-midori,48,clamp_B,1000,0,0.0,0.0,0.0,0.0,0.0,0,1000,0,2.996,2.996,2.524,2.524,12.762,12.762,0.265875,0.265875,11.238,11.238,26.981,26.981,0.268,0.268
koharu-kurumi,12,S1_R2_T1_C1,1000,-0.199,0.014338919227215299,-0.227104281685342,-0.17089571831465802,-0.2513627520334975,-0.14663724796650252,9,797,194,2.342,2.143,1.397,1.175,1.554,2.408,0.1295,0.20066666666666666,4.446,3.592,8.4115,8.836,0.03,0.017
koharu-kurumi,12,S0_R2_T1_C1,1000,-0.028,0.00521950603441008,-0.038230231827443756,-0.017769768172556245,-0.047060550930395115,-0.00893944906960489,0,972,28,2.342,2.314,1.397,1.374,1.554,1.652,0.1295,0.13766666666666666,4.446,4.348,8.4115,8.4545,0.03,0.025
koharu-kurumi,12,S1_R0_T1_C1,1000,-0.174,0.013634878433998226,-0.2007243617306365,-0.14727563826936346,-0.22379174142296823,-0.12420825857703174,9,820,171,2.342,2.168,1.397,1.213,1.554,2.281,0.1295,0.19008333333333333,4.446,3.719,8.4115,8.798,0.03,0.019
koharu-kurumi,12,S1_R2_T0_C1,1000,-0.2,0.014429421617244684,-0.2282816663697996,-0.17171833363020042,-0.25269324794692405,-0.147306752053076,10,794,196,2.342,2.142,1.397,1.175,1.554,2.409,0.1295,0.20074999999999998,4.446,3.591,8.4115,8.83775,0.03,0.018
koharu-kurumi,12,S1_R2_T1_C0,1000,-0.199,0.014338919227215299,-0.227104281685342,-0.17089571831465802,-0.2513627520334975,-0.14663724796650252,9,797,194,2.342,2.143,1.397,1.175,1.554,2.408,0.1295,0.20066666666666666,4.446,3.592,8.4115,8.836,0.03,0.017
koharu-kurumi,12,S0_R0_T0_C0,1000,0,0.0,0.0,0.0,0.0,0.0,0,1000,0,2.342,2.342,1.397,1.397,1.554,1.554,0.1295,0.1295,4.446,4.446,8.4115,8.4115,0.03,0.03
koharu-kurumi,12,clamp_A,1000,0,0.0,0.0,0.0,0.0,0.0,0,1000,0,2.342,2.342,1.397,1.397,1.554,1.554,0.1295,0.1295,4.446,4.446,8.4115,8.4115,0.03,0.03
koharu-kurumi,12,clamp_B,1000,0,0.0,0.0,0.0,0.0,0.0,0,1000,0,2.143,2.143,1.175,1.175,2.408,2.408,0.20066666666666666,0.20066666666666666,3.592,3.592,8.836,8.836,0.017,0.017
koharu-kurumi,24,S1_R2_T1_C1,1000,-0.091,0.010901276890247209,-0.11236650270488452,-0.06963349729511548,-0.13080919688626824,-0.05119080311373174,14,885,101,3.062,2.971,2.603,2.446,3.14,4.759,0.13083333333333333,0.19829166666666667,8.86,7.241,11.95925,12.78175,0.245,0.198
koharu-kurumi,24,S0_R2_T1_C1,1000,-0.009,0.0045760179129828524,-0.01796899510944639,-3.100489055360943e-05,-0.02571066608866713,0.007710666088667132,5,982,13,3.062,3.053,2.603,2.574,3.14,3.415,0.13083333333333333,0.14229166666666668,8.86,8.585,11.95925,12.066,0.245,0.243
koharu-kurumi,24,S1_R0_T1_C1,1000,-0.068,0.009667960977862367,-0.08694920351661024,-0.049050796483389766,-0.10330538357399285,-0.03269461642600716,12,911,77,3.062,2.994,2.603,2.477,3.14,4.439,0.13083333333333333,0.18495833333333334,8.86,7.561,11.95925,12.67775,0.245,0.209
koharu-kurumi,24,S1_R2_T0_C1,1000,-0.09,0.010771073113483912,-0.11111130330242847,-0.06888869669757153,-0.12933371976219454,-0.050666280237805436,13,888,99,3.062,2.972,2.603,2.444,3.14,4.759,0.13083333333333333,0.19829166666666667,8.86,7.241,11.95925,12.78275,0.245,0.2
koharu-kurumi,24,S1_R2_T1_C0,1000,-0.091,0.010901276890247209,-0.11236650270488452,-0.06963349729511548,-0.13080919688626824,-0.05119080311373174,14,885,101,3.062,2.971,2.603,2.446,3.14,4.759,0.13083333333333333,0.19829166666666667,8.86,7.241,11.95925,12.78175,0.245,0.198
koharu-kurumi,24,S0_R0_T0_C0,1000,0,0.0,0.0,0.0,0.0,0.0,0,1000,0,3.062,3.062,2.603,2.603,3.14,3.14,0.13083333333333333,0.13083333333333333,8.86,8.86,11.95925,11.95925,0.245,0.245
koharu-kurumi,24,clamp_A,1000,0,0.0,0.0,0.0,0.0,0.0,0,1000,0,3.062,3.062,2.603,2.603,3.14,3.14,0.13083333333333333,0.13083333333333333,8.86,8.86,11.95925,11.95925,0.245,0.245
koharu-kurumi,24,clamp_B,1000,0,0.0,0.0,0.0,0.0,0.0,0,1000,0,2.971,2.971,2.446,2.446,4.759,4.759,0.19829166666666667,0.19829166666666667,7.241,7.241,12.78175,12.78175,0.198,0.198
koharu-kurumi,36,S1_R2_T1_C1,1000,-0.09,0.010488565679348631,-0.11055758873152331,-0.06944241126847668,-0.12830206134451072,-0.05169793865548928,12,888,100,3.363,3.273,3.076,2.958,4.84,7.145,0.13444444444444445,0.19847222222222222,13.16,10.855,14.23975,15.317,0.424,0.35
koharu-kurumi,36,S0_R2_T1_C1,1000,-0.01,0.003989475644231446,-0.017819372262693634,-0.0021806277373063662,-0.024568735662174344,0.004568735662174342,3,984,13,3.363,3.353,3.076,3.061,4.84,5.221,0.13444444444444445,0.14502777777777778,13.16,12.779,14.23975,14.36875,0.424,0.416
koharu-kurumi,36,S1_R0_T1_C1,1000,-0.055,0.00894734905181725,-0.07253680414156181,-0.037463195858438186,-0.08767385863142507,-0.02232614136857492,12,923,65,3.363,3.308,3.076,2.997,4.84,6.575,0.13444444444444445,0.18263888888888888,13.16,11.425,14.23975,15.11925,0.424,0.376
koharu-kurumi,36,S1_R2_T0_C1,1000,-0.086,0.010522106001875989,-0.10662332776367693,-0.06537667223632306,-0.1244245436295277,-0.04757545637047227,12,891,97,3.363,3.277,3.076,2.961,4.84,7.146,0.13444444444444445,0.1985,13.16,10.854,14.23975,15.30875,0.424,0.354
koharu-kurumi,36,S1_R2_T1_C0,1000,-0.09,0.010488565679348631,-0.11055758873152331,-0.06944241126847668,-0.12830206134451072,-0.05169793865548928,12,888,100,3.363,3.273,3.076,2.958,4.84,7.145,0.13444444444444445,0.19847222222222222,13.16,10.855,14.23975,15.317,0.424,0.35
koharu-kurumi,36,S0_R0_T0_C0,1000,0,0.0,0.0,0.0,0.0,0.0,0,1000,0,3.363,3.363,3.076,3.076,4.84,4.84,0.13444444444444445,0.13444444444444445,13.16,13.16,14.23975,14.23975,0.424,0.424
koharu-kurumi,36,clamp_A,1000,0,0.0,0.0,0.0,0.0,0.0,0,1000,0,3.363,3.363,3.076,3.076,4.84,4.84,0.13444444444444445,0.13444444444444445,13.16,13.16,14.23975,14.23975,0.424,0.424
koharu-kurumi,36,clamp_B,1000,0,0.0,0.0,0.0,0.0,0.0,0,1000,0,3.273,3.273,2.958,2.958,7.145,7.145,0.19847222222222222,0.19847222222222222,10.855,10.855,15.317,15.317,0.35,0.35
koharu-kurumi,48,S1_R2_T1_C1,1000,-0.085,0.009893071963393013,-0.1043904210482503,-0.06560957895174971,-0.12112744209378595,-0.048872557906214066,10,895,95,3.53,3.445,3.33,3.221,6.535,9.464,0.13614583333333333,0.19716666666666666,17.465,14.536,15.8725,17.21175,0.548,0.473
koharu-kurumi,48,S0_R2_T1_C1,1000,-0.009,0.0038644448416213597,-0.016574311889577864,-0.0014256881104221346,-0.023112149164274627,0.0051121491642746285,3,985,12,3.53,3.521,3.33,3.318,6.535,6.987,0.13614583333333333,0.1455625,17.465,17.013,15.8725,16.03125,0.548,0.54
koharu-kurumi,48,S1_R0_T1_C1,1000,-0.048,0.008231874863223066,-0.06413447473191722,-0.03186552526808279,-0.0780610956379201,-0.017938904362079896,11,930,59,3.53,3.482,3.33,3.261,6.535,8.653,0.13614583333333333,0.18027083333333332,17.465,15.347,15.8725,16.90275,0.548,0.505
koharu-kurumi,48,S1_R2_T0_C1,1000,-0.081,0.009825249896849216,-0.10025748979782446,-0.06174251020217554,-0.11687977000661136,-0.04512022999338865,11,897,92,3.53,3.449,3.33,3.223,6.535,9.465,0.13614583333333333,0.1971875,17.465,14.535,15.8725,17.1915,0.548,0.477
koharu-kurumi,48,S1_R2_T1_C0,1000,-0.085,0.009893071963393013,-0.1043904210482503,-0.06560957895174971,-0.12112744209378595,-0.048872557906214066,10,895,95,3.53,3.445,3.33,3.221,6.535,9.464,0.13614583333333333,0.19716666666666666,17.465,14.536,15.8725,17.21175,0.548,0.473
koharu-kurumi,48,S0_R0_T0_C0,1000,0,0.0,0.0,0.0,0.0,0.0,0,1000,0,3.53,3.53,3.33,3.33,6.535,6.535,0.13614583333333333,0.13614583333333333,17.465,17.465,15.8725,15.8725,0.548,0.548
koharu-kurumi,48,clamp_A,1000,0,0.0,0.0,0.0,0.0,0.0,0,1000,0,3.53,3.53,3.33,3.33,6.535,6.535,0.13614583333333333,0.13614583333333333,17.465,17.465,15.8725,15.8725,0.548,0.548
koharu-kurumi,48,clamp_B,1000,0,0.0,0.0,0.0,0.0,0.0,0,1000,0,3.445,3.445,3.221,3.221,9.464,9.464,0.19716666666666666,0.19716666666666666,14.536,14.536,17.21175,17.21175,0.473,0.473
kurumi-midori,12,S1_R2_T1_C1,1000,-0.19,0.018336745519209132,-0.2259400212176499,-0.15405997878235012,-0.25696198252524527,-0.12303801747475475,72,685,243,2.262,2.072,1.335,1.1,1.481,2.394,0.12341666666666666,0.19949999999999998,4.519,3.606,8.5295,8.93525,0.034,0.013
kurumi-midori,12,S0_R2_T1_C1,1000,-0.034,0.007931387451569046,-0.04954551940507533,-0.018454480594924674,-0.06296377808027859,-0.005036221919721421,14,939,47,2.262,2.228,1.335,1.284,1.481,1.647,0.12341666666666666,0.13724999999999998,4.519,4.353,8.5295,8.58725,0.034,0.032
kurumi-midori,12,S1_R0_T1_C1,1000,-0.183,0.017771517291070755,-0.21783217389049866,-0.14816782610950133,-0.2478978865439967,-0.11810211345600331,66,702,232,2.262,2.079,1.335,1.116,1.481,2.339,0.12341666666666666,0.19491666666666665,4.519,3.661,8.5295,8.92,0.034,0.013
kurumi-midori,12,S1_R2_T0_C1,1000,-0.189,0.018155126234995135,-0.22458404742059046,-0.15341595257940954,-0.25529874665696944,-0.12270125334303056,70,689,241,2.262,2.073,1.335,1.101,1.481,2.38,0.12341666666666666,0.19833333333333333,4.519,3.62,8.5295,8.92925,0.034,0.014
kurumi-midori,12,S1_R2_T1_C0,1000,-0.189,0.018210178763829053,-0.22469195037710493,-0.15330804962289507,-0.2554997870471459,-0.12250021295285414,70,690,240,2.262,2.073,1.335,1.104,1.481,2.382,0.12341666666666666,0.19849999999999998,4.519,3.618,8.5295,8.93025,0.034,0.013
kurumi-midori,12,S0_R0_T0_C0,1000,0,0.0,0.0,0.0,0.0,0.0,0,1000,0,2.262,2.262,1.335,1.335,1.481,1.481,0.12341666666666666,0.12341666666666666,4.519,4.519,8.5295,8.5295,0.034,0.034
kurumi-midori,12,clamp_A,1000,0,0.0,0.0,0.0,0.0,0.0,0,1000,0,2.262,2.262,1.335,1.335,1.481,1.481,0.12341666666666666,0.12341666666666666,4.519,4.519,8.5295,8.5295,0.034,0.034
kurumi-midori,12,clamp_B,1000,0,0.0,0.0,0.0,0.0,0.0,0,1000,0,2.072,2.072,1.1,1.1,2.394,2.394,0.19949999999999998,0.19949999999999998,3.606,3.606,8.93525,8.93525,0.013,0.013
kurumi-midori,24,S1_R2_T1_C1,1000,-0.146,0.018735928987777335,-0.18272242081604356,-0.10927757918395642,-0.21441971756435724,-0.07758028243564276,98,670,232,2.981,2.835,2.486,2.31,3.019,4.74,0.12579166666666666,0.1975,8.981,7.26,12.42,13.3165,0.237,0.165
kurumi-midori,24,S0_R2_T1_C1,1000,-0.024,0.009138244224549239,-0.04191095868011651,-0.006089041319883491,-0.05737096811616119,0.009370968116161192,28,922,50,2.981,2.957,2.486,2.452,3.019,3.421,0.12579166666666666,0.14254166666666668,8.981,8.579,12.42,12.565,0.237,0.23
kurumi-midori,24,S1_R0_T1_C1,1000,-0.128,0.01799833158767612,-0.1632767299118452,-0.09272327008815481,-0.19372616520172542,-0.06227383479827457,93,696,211,2.981,2.853,2.486,2.316,3.019,4.626,0.12579166666666666,0.19275,8.981,7.374,12.42,13.2555,0.237,0.171
kurumi-midori,24,S1_R2_T0_C1,1000,-0.141,0.018747545718585952,-0.17774518960842844,-0.10425481039157153,-0.20946213945021436,-0.07253786054978562,99,674,227,2.981,2.84,2.486,2.309,3.019,4.726,0.12579166666666666,0.19691666666666666,8.981,7.274,12.42,13.29725,0.237,0.168
kurumi-midori,24,S1_R2_T1_C0,1000,-0.145,0.01860971040401546,-0.1814750323918703,-0.10852496760812969,-0.2129587935366245,-0.07704120646337546,96,675,229,2.981,2.836,2.486,2.311,3.019,4.722,0.12579166666666666,0.19675,8.981,7.278,12.42,13.3115,0.237,0.165
kurumi-midori,24,S0_R0_T0_C0,1000,0,0.0,0.0,0.0,0.0,0.0,0,1000,0,2.981,2.981,2.486,2.486,3.019,3.019,0.12579166666666666,0.12579166666666666,8.981,8.981,12.42,12.42,0.237,0.237
kurumi-midori,24,clamp_A,1000,0,0.0,0.0,0.0,0.0,0.0,0,1000,0,2.981,2.981,2.486,2.486,3.019,3.019,0.12579166666666666,0.12579166666666666,8.981,8.981,12.42,12.42,0.237,0.237
kurumi-midori,24,clamp_B,1000,0,0.0,0.0,0.0,0.0,0.0,0,1000,0,2.835,2.835,2.31,2.31,4.74,4.74,0.1975,0.1975,7.26,7.26,13.3165,13.3165,0.165,0.165
kurumi-midori,36,S1_R2_T1_C1,1000,-0.172,0.01762744243294321,-0.20654978716856867,-0.1374502128314313,-0.23637175511450403,-0.10762824488549592,72,696,232,3.36,3.188,2.993,2.807,4.537,7.05,0.12602777777777777,0.19583333333333333,13.463,10.95,14.8245,16.2005,0.449,0.337
kurumi-midori,36,S0_R2_T1_C1,1000,-0.044,0.009907681977241808,-0.06341905667539394,-0.024580943324606055,-0.08018079482701833,-0.007819205172981666,24,912,64,3.36,3.316,2.993,2.953,4.537,5.192,0.12602777777777777,0.14422222222222222,13.463,12.808,14.8245,15.08025,0.449,0.417
kurumi-midori,36,S1_R0_T1_C1,1000,-0.156,0.017028034353792982,-0.18937494733343424,-0.12262505266656576,-0.21818284142316766,-0.09381715857683234,68,719,213,3.36,3.204,2.993,2.822,4.537,6.91,0.12602777777777777,0.19194444444444445,13.463,11.09,14.8245,16.0875,0.449,0.346
kurumi-midori,36,S1_R2_T0_C1,1000,-0.171,0.01772210690276619,-0.20573532952942175,-0.13626467047057828,-0.23571745007806277,-0.10628254992193725,73,696,231,3.36,3.189,2.993,2.809,4.537,7.038,0.12602777777777777,0.1955,13.463,10.962,14.8245,16.1725,0.449,0.339
kurumi-midori,36,S1_R2_T1_C0,1000,-0.171,0.017494715346785872,-0.20528964207970032,-0.1367103579202997,-0.2348870633891058,-0.10711293661089422,70,701,229,3.36,3.189,2.993,2.808,4.537,7.03,0.12602777777777777,0.19527777777777777,13.463,10.97,14.8245,16.1925,0.449,0.337
kurumi-midori,36,S0_R0_T0_C0,1000,0,0.0,0.0,0.0,0.0,0.0,0,1000,0,3.36,3.36,2.993,2.993,4.537,4.537,0.12602777777777777,0.12602777777777777,13.463,13.463,14.8245,14.8245,0.449,0.449
kurumi-midori,36,clamp_A,1000,0,0.0,0.0,0.0,0.0,0.0,0,1000,0,3.36,3.36,2.993,2.993,4.537,4.537,0.12602777777777777,0.12602777777777777,13.463,13.463,14.8245,14.8245,0.449,0.449
kurumi-midori,36,clamp_B,1000,0,0.0,0.0,0.0,0.0,0.0,0,1000,0,3.188,3.188,2.807,2.807,7.05,7.05,0.19583333333333333,0.19583333333333333,10.95,10.95,16.2005,16.2005,0.337,0.337
kurumi-midori,48,S1_R2_T1_C1,1000,-0.137,0.015571559763667654,-0.16752025713678861,-0.10647974286321141,-0.1938640990132745,-0.08013590098672552,51,769,180,3.568,3.431,3.336,3.159,6.141,9.429,0.1279375,0.1964375,17.859,14.571,16.419,18.24075,0.611,0.504
kurumi-midori,48,S0_R2_T1_C1,1000,-0.032,0.009003169278485053,-0.0496462117858307,-0.014353788214169296,-0.06487770249449058,0.0008777024944905815,21,930,49,3.568,3.536,3.336,3.296,6.141,6.998,0.1279375,0.14579166666666668,17.859,17.002,16.419,16.79275,0.611,0.587
kurumi-midori,48,S1_R0_T1_C1,1000,-0.126,0.015111331918542203,-0.15561821056034272,-0.09638178943965728,-0.18118344260177346,-0.07081655739822654,50,780,170,3.568,3.442,3.336,3.171,6.141,9.276,0.1279375,0.19325,17.859,14.724,16.419,18.09475,0.611,0.51
kurumi-midori,48,S1_R2_T0_C1,1000,-0.139,0.01561803197982777,-0.16961134268046243,-0.10838865731953759,-0.19603380588536712,-0.0819661941146329,50,770,180,3.568,3.429,3.336,3.156,6.141,9.419,0.1279375,0.19622916666666668,17.859,14.581,16.419,18.2185,0.611,0.502
kurumi-midori,48,S1_R2_T1_C0,1000,-0.139,0.015553807280563848,-0.16948546226990516,-0.10851453773009487,-0.1957992706356253,-0.08220072936437472,50,769,181,3.568,3.429,3.336,3.16,6.141,9.41,0.1279375,0.19604166666666667,17.859,14.59,16.419,18.238,0.611,0.502
kurumi-midori,48,S0_R0_T0_C0,1000,0,0.0,0.0,0.0,0.0,0.0,0,1000,0,3.568,3.568,3.336,3.336,6.141,6.141,0.1279375,0.1279375,17.859,17.859,16.419,16.419,0.611,0.611
kurumi-midori,48,clamp_A,1000,0,0.0,0.0,0.0,0.0,0.0,0,1000,0,3.568,3.568,3.336,3.336,6.141,6.141,0.1279375,0.1279375,17.859,17.859,16.419,16.419,0.611,0.611
kurumi-midori,48,clamp_B,1000,0,0.0,0.0,0.0,0.0,0.0,0,1000,0,3.431,3.431,3.159,3.159,9.429,9.429,0.1964375,0.1964375,14.571,14.571,18.24075,18.24075,0.504,0.504
