seed,bridge_edge_count_A,bridge_edge_count_B,bridge_edge_rate_A,bridge_edge_rate_B,B_minus_A,bridge_edge_rate_B_minus_A
1,2,2,0.5,0.5,0,0.0
2,3,2,0.75,0.5,-1,-0.25
3,2,2,0.5,0.5,0,0.0
4,2,2,0.5,0.5,0,0.0
5,2,2,0.5,0.5,0,0.0
6,2,2,0.5,0.5,0,0.0
7,4,4,1.0,1.0,0,0.0
8,2,2,0.5,0.5,0,0.0
9,2,1,0.5,0.25,-1,-0.25
10,2,2,0.5,0.5,0,0.0
11,3,3,0.75,0.75,0,0.0
12,1,1,0.25,0.25,0,0.0
13,1,1,0.25,0.25,0,0.0
14,2,2,0.5,0.5,0,0.0
15,2,2,0.5,0.5,0,0.0
16,2,2,0.5,0.5,0,0.0
17,3,3,0.75,0.75,0,0.0
18,3,3,0.75,0.75,0,0.0
19,3,2,0.75,0.5,-1,-0.25
20,2,2,0.5,0.5,0,0.0
21,2,2,0.5,0.5,0,0.0
22,2,2,0.5,0.5,0,0.0
23,3,3,0.75,0.75,0,0.0
24,3,3,0.75,0.75,0,0.0
25,3,2,0.75,0.5,-1,-0.25
26,3,3,0.75,0.75,0,0.0
27,3,2,0.75,0.5,-1,-0.25
28,2,1,0.5,0.25,-1,-0.25
29,3,2,0.75,0.5,-1,-0.25
30,3,3,0.75,0.75,0,0.0
31,3,3,0.75,0.75,0,0.0
32,3,1,0.75,0.25,-2,-0.5
33,2,1,0.5,0.25,-1,-0.25
34,3,3,0.75,0.75,0,0.0
35,2,2,0.5,0.5,0,0.0
36,2,2,0.5,0.5,0,0.0
37,2,2,0.5,0.5,0,0.0
38,2,2,0.5,0.5,0,0.0
39,2,2,0.5,0.5,0,0.0
40,2,2,0.5,0.5,0,0.0
41,2,2,0.5,0.5,0,0.0
42,3,3,0.75,0.75,0,0.0
43,3,2,0.75,0.5,-1,-0.25
44,2,2,0.5,0.5,0,0.0
45,2,2,0.5,0.5,0,0.0
46,2,2,0.5,0.5,0,0.0
47,3,3,0.75,0.75,0,0.0
48,3,3,0.75,0.75,0,0.0
49,3,3,0.75,0.75,0,0.0
50,2,2,0.5,0.5,0,0.0
51,2,2,0.5,0.5,0,0.0
52,2,2,0.5,0.5,0,0.0
53,3,2,0.75,0.5,-1,-0.25
54,4,2,1.0,0.5,-2,-0.5
55,1,1,0.25,0.25,0,0.0
56,2,2,0.5,0.5,0,0.0
57,3,3,0.75,0.75,0,0.0
58,4,4,1.0,1.0,0,0.0
59,2,2,0.5,0.5,0,0.0
60,2,2,0.5,0.5,0,0.0
61,2,2,0.5,0.5,0,0.0
62,2,2,0.5,0.5,0,0.0
63,3,2,0.75,0.5,-1,-0.25
64,3,3,0.75,0.75,0,0.0
65,2,1,0.5,0.25,-1,-0.25
66,2,3,0.5,0.75,1,0.25
67,2,1,0.5,0.25,-1,-0.25
68,3,3,0.75,0.75,0,0.0
69,2,1,0.5,0.25,-1,-0.25
70,2,2,0.5,0.5,0,0.0
71,1,1,0.25,0.25,0,0.0
72,1,1,0.25,0.25,0,0.0
73,2,1,0.5,0.25,-1,-0.25
74,3,3,0.75,0.75,0,0.0
75,3,3,0.75,0.75,0,0.0
76,2,2,0.5,0.5,0,0.0
77,3,3,0.75,0.75,0,0.0
78,2,2,0.5,0.5,0,0.0
79,1,1,0.25,0.25,0,0.0
80,2,2,0.5,0.5,0,0.0
81,3,3,0.75,0.75,0,0.0
82,2,2,0.5,0.5,0,0.0
83,2,2,0.5,0.5,0,0.0
84,2,2,0.5,0.5,0,0.0
85,2,2,0.5,0.5,0,0.0
86,2,1,0.5,0.25,-1,-0.25
87,3,2,0.75,0.5,-1,-0.25
88,2,2,0.5,0.5,0,0.0
89,3,3,0.75,0.75,0,0.0
90,2,2,0.5,0.5,0,0.0
91,2,2,0.5,0.5,0,0.0
92,2,2,0.5,0.5,0,0.0
93,2,2,0.5,0.5,0,0.0
94,3,3,0.75,0.75,0,0.0
95,1,1,0.25,0.25,0,0.0
96,2,2,0.5,0.5,0,0.0
97,3,2,0.75,0.5,-1,-0.25
98,2,2,0.5,0.5,0,0.0
99,2,2,0.5,0.5,0,0.0
100,3,3,0.75,0.75,0,0.0
