known_pair,case_id,metric,seeds,familiar_A_mean,familiar_A_ci_low,familiar_A_ci_high,familiar_A_simultaneous_low,familiar_A_simultaneous_high,novel_A_mean,novel_A_ci_low,novel_A_ci_high,novel_A_simultaneous_low,novel_A_simultaneous_high,novel_minus_familiar_A_mean,novel_minus_familiar_A_ci_low,novel_minus_familiar_A_ci_high,novel_minus_familiar_A_simultaneous_low,novel_minus_familiar_A_simultaneous_high,familiar_B_mean,familiar_B_ci_low,familiar_B_ci_high,familiar_B_simultaneous_low,familiar_B_simultaneous_high,novel_B_mean,novel_B_ci_low,novel_B_ci_high,novel_B_simultaneous_low,novel_B_simultaneous_high,novel_minus_familiar_B_mean,novel_minus_familiar_B_ci_low,novel_minus_familiar_B_ci_high,novel_minus_familiar_B_simultaneous_low,novel_minus_familiar_B_simultaneous_high
akane-koharu,task_weak,bridge_count,1000,3.595,3.5605304988938555,3.629469501106145,3.5605311322790274,3.629468867720973,3.595,3.5605304988938555,3.629469501106145,3.5605311322790274,3.629468867720973,0,0.0,0.0,0.0,0.0,3.551,3.515086791330251,3.5869132086697495,3.515087451243888,3.5869125487561124,3.551,3.515086791330251,3.5869132086697495,3.515087451243888,3.5869125487561124,0,0.0,0.0,0.0,0.0
akane-koharu,task_weak,bridge_rate,1000,0.89875,0.8901326247234639,0.9073673752765362,0.8901327830697568,0.9073672169302432,0.89875,0.8901326247234639,0.9073673752765362,0.8901327830697568,0.9073672169302432,0.0,0.0,0.0,0.0,0.0,0.88775,0.8787716978325627,0.8967283021674374,0.878771862810972,0.8967281371890281,0.88775,0.8787716978325627,0.8967283021674374,0.878771862810972,0.8967281371890281,0.0,0.0,0.0,0.0,0.0
akane-koharu,task_weak,unformed_turns,1000,16.15225,15.832637165251398,16.4718628347486,15.83264303821224,16.471856961787758,16.15225,15.832637165251398,16.4718628347486,15.83264303821224,16.471856961787758,0.0,0.0,0.0,0.0,0.0,17.25375,16.929672801005058,17.577827198994942,16.92967875599964,17.57782124400036,17.25375,16.929672801005058,17.577827198994942,16.92967875599964,17.57782124400036,0.0,0.0,0.0,0.0,0.0
akane-koharu,task_weak,known_share,1000,0.1435625,0.14104704936838855,0.14607795063161147,0.1410470955903842,0.14607790440961582,0.1435625,0.14104704936838855,0.14607795063161147,0.1410470955903842,0.14607790440961582,0.0,0.0,0.0,0.0,0.0,0.1914375,0.18900154683715767,0.19387345316284235,0.18900159159836868,0.19387340840163134,0.1914375,0.18900154683715767,0.19387345316284235,0.18900159159836868,0.19387340840163134,0.0,0.0,0.0,0.0,0.0
akane-koharu,task_weak,bridge_share,1000,0.7235625,0.7200636811184051,0.7270613188815949,0.720063745410023,0.727061254589977,0.7235625,0.7200636811184051,0.7270613188815949,0.720063745410023,0.727061254589977,0.0,0.0,0.0,0.0,0.0,0.6752291666666667,0.671790628987069,0.6786677043462643,0.6717906921710057,0.6786676411623276,0.6752291666666667,0.671790628987069,0.6786677043462643,0.6717906921710057,0.6786676411623276,0.0,0.0,0.0,0.0,0.0
akane-koharu,task_weak,all_formed,1000,0.629,0.5990438770248268,0.6589561229751733,0.5990444274756161,0.6589555725243839,0.629,0.5990438770248268,0.6589561229751733,0.5990444274756161,0.6589555725243839,0,0.0,0.0,0.0,0.0,0.595,0.5645589714987121,0.6254410285012878,0.5645595308597544,0.6254404691402455,0.595,0.5645589714987121,0.6254410285012878,0.5645595308597544,0.6254404691402455,0,0.0,0.0,0.0,0.0
akane-koharu,task_weak,confirmation_requests,1000,0,0.0,0.0,0.0,0.0,6,6.0,6.0,6.0,6.0,6,6.0,6.0,6.0,6.0,0,0.0,0.0,0.0,0.0,6,6.0,6.0,6.0,6.0,6,6.0,6.0,6.0,6.0
akane-koharu,task_weak,information_transfers,1000,0,0.0,0.0,0.0,0.0,5.805,5.778474156368168,5.831525843631831,5.77847464378677,5.83152535621323,5.805,5.778474156368168,5.831525843631831,5.77847464378677,5.83152535621323,0,0.0,0.0,0.0,0.0,5.805,5.778474156368168,5.831525843631831,5.77847464378677,5.83152535621323,5.805,5.778474156368168,5.831525843631831,5.77847464378677,5.83152535621323
akane-koharu,task_weak,information_coverage,1000,1.0,1.0,1.0,1.0,1.0,0.48375,0.4815395130306807,0.4859604869693193,0.4815395536488975,0.4859604463511025,-0.51625,-0.5184604869693192,-0.5140395130306807,-0.5184604463511024,-0.5140395536488975,1.0,1.0,1.0,1.0,1.0,0.48375,0.4815395130306807,0.4859604869693193,0.4815395536488975,0.4859604463511025,-0.51625,-0.5184604869693192,-0.5140395130306807,-0.5184604463511024,-0.5140395536488975
akane-koharu,task_weak,information_complete,1000,1,1.0,1.0,1.0,1.0,0,0.0,0.0,0.0,0.0,-1,-1.0,-1.0,-1.0,-1.0,1,1.0,1.0,1.0,1.0,0,0.0,0.0,0.0,0.0,-1,-1.0,-1.0,-1.0,-1.0
akane-koharu,task_medium,bridge_count,1000,3.7,3.6692432189659,3.7307567810341005,3.669243784128969,3.7307562158710312,3.7,3.6692432189659,3.7307567810341005,3.669243784128969,3.7307562158710312,0,0.0,0.0,0.0,0.0,3.7,3.6685019853812193,3.731498014618781,3.6685025641646294,3.731497435835371,3.7,3.6685019853812193,3.731498014618781,3.6685025641646294,3.731497435835371,0,0.0,0.0,0.0,0.0
akane-koharu,task_medium,bridge_rate,1000,0.925,0.917310804741475,0.9326891952585251,0.9173109460322423,0.9326890539677578,0.925,0.917310804741475,0.9326891952585251,0.9173109460322423,0.9326890539677578,0.0,0.0,0.0,0.0,0.0,0.925,0.9171254963453048,0.9328745036546953,0.9171256410411573,0.9328743589588427,0.925,0.9171254963453048,0.9328745036546953,0.9171256410411573,0.9328743589588427,0.0,0.0,0.0,0.0,0.0
akane-koharu,task_medium,unformed_turns,1000,16.05875,15.750846449234384,16.366653550765616,15.750852107034383,16.366647892965617,16.05875,15.750846449234384,16.366653550765616,15.750852107034383,16.366647892965617,0.0,0.0,0.0,0.0,0.0,16.77075,16.458986396615167,17.082513603384832,16.45899212534454,17.08250787465546,16.77075,16.458986396615167,17.082513603384832,16.45899212534454,17.08250787465546,0.0,0.0,0.0,0.0,0.0
akane-koharu,task_medium,known_share,1000,0.146375,0.14403549351380848,0.14871450648619153,0.14403553650278916,0.14871446349721085,0.146375,0.14403549351380848,0.14871450648619153,0.14403553650278916,0.14871446349721085,0.0,0.0,0.0,0.0,0.0,0.1889375,0.18657990180086298,0.19129509819913704,0.18657994512228315,0.19129505487771686,0.1889375,0.18657990180086298,0.19129509819913704,0.18657994512228315,0.19129505487771686,0.0,0.0,0.0,0.0,0.0
akane-koharu,task_medium,bridge_share,1000,0.7169583333333334,0.7137016439696201,0.7202150226970466,0.7137017038120514,0.7202149628546153,0.7169583333333334,0.7137016439696201,0.7202150226970466,0.7137017038120514,0.7202149628546153,0.0,0.0,0.0,0.0,0.0,0.6742916666666666,0.6710381973502063,0.6775451359831269,0.6710382571334684,0.6775450761998648,0.6742916666666666,0.6710381973502063,0.6775451359831269,0.6710382571334684,0.6775450761998648,0.0,0.0,0.0,0.0,0.0
akane-koharu,task_medium,all_formed,1000,0.718,0.6900964086180289,0.745903591381971,0.6900969213530685,0.7459030786469314,0.718,0.6900964086180289,0.745903591381971,0.6900969213530685,0.7459030786469314,0,0.0,0.0,0.0,0.0,0.724,0.6962797494475484,0.7517202505524515,0.6962802588136573,0.7517197411863427,0.724,0.6962797494475484,0.7517202505524515,0.6962802588136573,0.7517197411863427,0,0.0,0.0,0.0,0.0
akane-koharu,task_medium,confirmation_requests,1000,0,0.0,0.0,0.0,0.0,12,12.0,12.0,12.0,12.0,12,12.0,12.0,12.0,12.0,0,0.0,0.0,0.0,0.0,12,12.0,12.0,12.0,12.0,12,12.0,12.0,12.0,12.0
akane-koharu,task_medium,information_transfers,1000,0,0.0,0.0,0.0,0.0,11.418,11.371624733456862,11.464375266543136,11.371625585613268,11.46437441438673,11.418,11.371624733456862,11.464375266543136,11.371625585613268,11.46437441438673,0,0.0,0.0,0.0,0.0,11.418,11.371624733456862,11.464375266543136,11.371625585613268,11.46437441438673,11.418,11.371624733456862,11.464375266543136,11.371625585613268,11.46437441438673
akane-koharu,task_medium,information_coverage,1000,1.0,1.0,1.0,1.0,1.0,0.9515,0.9476353944547387,0.9553646055452614,0.9476354654677724,0.9553645345322276,-0.04850000000000001,-0.05236460554526137,-0.044635394454738644,-0.052364534532227586,-0.04463546546777243,1.0,1.0,1.0,1.0,1.0,0.9515,0.9476353944547387,0.9553646055452614,0.9476354654677724,0.9553645345322276,-0.04850000000000001,-0.05236460554526137,-0.044635394454738644,-0.052364534532227586,-0.04463546546777243
akane-koharu,task_medium,information_complete,1000,1,1.0,1.0,1.0,1.0,0.555,0.5241823283019484,0.5858176716980517,0.5241828945838978,0.5858171054161023,-0.445,-0.47581767169805156,-0.41418232830194845,-0.4758171054161022,-0.4141828945838978,1,1.0,1.0,1.0,1.0,0.555,0.5241823283019484,0.5858176716980517,0.5241828945838978,0.5858171054161023,-0.445,-0.47581767169805156,-0.41418232830194845,-0.4758171054161022,-0.4141828945838978
akane-koharu,task_strong,bridge_count,1000,3.796,3.7699562857977313,3.8220437142022683,3.769956764357091,3.8220432356429086,3.796,3.7699562857977313,3.8220437142022683,3.769956764357091,3.8220432356429086,0,0.0,0.0,0.0,0.0,3.792,3.7657832203133728,3.818216779686627,3.7657837020528517,3.818216297947148,3.792,3.7657832203133728,3.818216779686627,3.7657837020528517,3.818216297947148,0,0.0,0.0,0.0,0.0
akane-koharu,task_strong,bridge_rate,1000,0.949,0.9424890714494328,0.9555109285505671,0.9424891910892728,0.9555108089107271,0.949,0.9424890714494328,0.9555109285505671,0.9424891910892728,0.9555108089107271,0.0,0.0,0.0,0.0,0.0,0.948,0.9414458050783432,0.9545541949216567,0.9414459255132129,0.954554074486787,0.948,0.9414458050783432,0.9545541949216567,0.9414459255132129,0.954554074486787,0.0,0.0,0.0,0.0,0.0
akane-koharu,task_strong,unformed_turns,1000,14.925,14.637541526870796,15.212458473129205,14.637546808987697,15.212453191012305,14.925,14.637541526870796,15.212458473129205,14.637546808987697,15.212453191012305,0.0,0.0,0.0,0.0,0.0,15.3895,15.101759637833654,15.677240362166346,15.101764925130333,15.677235074869667,15.3895,15.101759637833654,15.677240362166346,15.101764925130333,15.677235074869667,0.0,0.0,0.0,0.0,0.0
akane-koharu,task_strong,known_share,1000,0.15416666666666667,0.15228207224329993,0.15605126109003342,0.1522821068731647,0.15605122646016864,0.15416666666666667,0.15228207224329993,0.15605126109003342,0.1522821068731647,0.15605122646016864,0.0,0.0,0.0,0.0,0.0,0.18233333333333332,0.1803283763714297,0.18433829029523693,0.18032841321298437,0.18433825345368227,0.18233333333333332,0.1803283763714297,0.18433829029523693,0.18032841321298437,0.18433825345368227,0.0,0.0,0.0,0.0,0.0
akane-koharu,task_strong,bridge_share,1000,0.6998333333333333,0.6971582582286485,0.7025084084380181,0.6971583073837813,0.7025083592828854,0.6998333333333333,0.6971582582286485,0.7025084084380181,0.6971583073837813,0.7025083592828854,0.0,0.0,0.0,0.0,0.0,0.6715833333333333,0.6688293216508937,0.6743373450157729,0.6688293722565046,0.674337294410162,0.6715833333333333,0.6688293216508937,0.6743373450157729,0.6688293722565046,0.674337294410162,0.0,0.0,0.0,0.0,0.0
akane-koharu,task_strong,all_formed,1000,0.803,0.7783359601755824,0.8276640398244177,0.778336413383102,0.8276635866168981,0.803,0.7783359601755824,0.8276640398244177,0.778336413383102,0.8276635866168981,0,0.0,0.0,0.0,0.0,0.799,0.7741489498593502,0.8238510501406499,0.7741494065032283,0.8238505934967718,0.799,0.7741489498593502,0.8238510501406499,0.7741494065032283,0.8238505934967718,0,0.0,0.0,0.0,0.0
akane-koharu,task_strong,confirmation_requests,1000,0,0.0,0.0,0.0,0.0,12.642,12.583767258094523,12.700232741905475,12.583768328134822,12.700231671865177,12.642,12.583767258094523,12.700232741905475,12.583768328134822,12.700231671865177,0,0.0,0.0,0.0,0.0,12.642,12.583767258094523,12.700232741905475,12.583768328134822,12.700231671865177,12.642,12.583767258094523,12.700232741905475,12.583768328134822,12.700231671865177
akane-koharu,task_strong,information_transfers,1000,0,0.0,0.0,0.0,0.0,12,12.0,12.0,12.0,12.0,12,12.0,12.0,12.0,12.0,0,0.0,0.0,0.0,0.0,12,12.0,12.0,12.0,12.0,12,12.0,12.0,12.0,12.0
akane-koharu,task_strong,information_coverage,1000,1.0,1.0,1.0,1.0,1.0,1.0,1.0,1.0,1.0,1.0,0.0,0.0,0.0,0.0,0.0,1.0,1.0,1.0,1.0,1.0,1.0,1.0,1.0,1.0,1.0,0.0,0.0,0.0,0.0,0.0
akane-koharu,task_strong,information_complete,1000,1,1.0,1.0,1.0,1.0,1,1.0,1.0,1.0,1.0,0,0.0,0.0,0.0,0.0,1,1.0,1.0,1.0,1.0,1,1.0,1.0,1.0,1.0,0,0.0,0.0,0.0,0.0
akane-midori,task_weak,bridge_count,1000,3.581,3.5490511159256917,3.6129488840743083,3.5490517029939337,3.6129482970060662,3.581,3.5490511159256917,3.6129488840743083,3.5490517029939337,3.6129482970060662,0,0.0,0.0,0.0,0.0,3.502,3.4675851512364875,3.536414848763512,3.4675857836174098,3.53641421638259,3.502,3.4675851512364875,3.536414848763512,3.4675857836174098,3.53641421638259,0,0.0,0.0,0.0,0.0
akane-midori,task_weak,bridge_rate,1000,0.89525,0.8872627789814229,0.9032372210185771,0.8872629257484834,0.9032370742515166,0.89525,0.8872627789814229,0.9032372210185771,0.8872629257484834,0.9032370742515166,0.0,0.0,0.0,0.0,0.0,0.8755,0.8668962878091219,0.884103712190878,0.8668964459043524,0.8841035540956474,0.8755,0.8668962878091219,0.884103712190878,0.8668964459043524,0.8841035540956474,0.0,0.0,0.0,0.0,0.0
akane-midori,task_weak,unformed_turns,1000,15.4785,15.174009744760303,15.782990255239698,15.174015339840198,15.782984660159803,15.4785,15.174009744760303,15.782990255239698,15.174015339840198,15.782984660159803,0.0,0.0,0.0,0.0,0.0,17.07825,16.774998962846563,17.381501037153438,16.775004535155535,17.381495464844466,17.07825,16.774998962846563,17.381501037153438,16.775004535155535,17.381495464844466,0.0,0.0,0.0,0.0,0.0
akane-midori,task_weak,known_share,1000,0.13425,0.13174460674281444,0.13675539325718558,0.13174465278000347,0.13675534721999655,0.13425,0.13174460674281444,0.13675539325718558,0.13174465278000347,0.13675534721999655,0.0,0.0,0.0,0.0,0.0,0.190875,0.18846090679345248,0.1932890932065475,0.18846095115298167,0.1932890488470183,0.190875,0.18846090679345248,0.1932890932065475,0.18846095115298167,0.1932890488470183,0.0,0.0,0.0,0.0,0.0
akane-midori,task_weak,bridge_share,1000,0.7257916666666666,0.722224088130203,0.7293592452031302,0.7222241536852958,0.7293591796480374,0.7257916666666666,0.722224088130203,0.7293592452031302,0.7222241536852958,0.7293591796480374,0.0,0.0,0.0,0.0,0.0,0.6681666666666667,0.6647023213253072,0.6716310120080262,0.6647023849834657,0.6716309483498677,0.6681666666666667,0.6647023213253072,0.6716310120080262,0.6647023849834657,0.6716309483498677,0.0,0.0,0.0,0.0,0.0
akane-midori,task_weak,all_formed,1000,0.592,0.5615235580962752,0.6224764419037248,0.561524118108047,0.6224758818919529,0.592,0.5615235580962752,0.6224764419037248,0.561524118108047,0.6224758818919529,0,0.0,0.0,0.0,0.0,0.531,0.5000538227193037,0.5619461772806964,0.5000543913625732,0.5619456086374268,0.531,0.5000538227193037,0.5619461772806964,0.5000543913625732,0.5619456086374268,0,0.0,0.0,0.0,0.0
akane-midori,task_weak,confirmation_requests,1000,0,0.0,0.0,0.0,0.0,6,6.0,6.0,6.0,6.0,6,6.0,6.0,6.0,6.0,0,0.0,0.0,0.0,0.0,6,6.0,6.0,6.0,6.0,6,6.0,6.0,6.0,6.0
akane-midori,task_weak,information_transfers,1000,0,0.0,0.0,0.0,0.0,5.805,5.778474156368168,5.831525843631831,5.77847464378677,5.83152535621323,5.805,5.778474156368168,5.831525843631831,5.77847464378677,5.83152535621323,0,0.0,0.0,0.0,0.0,5.805,5.778474156368168,5.831525843631831,5.77847464378677,5.83152535621323,5.805,5.778474156368168,5.831525843631831,5.77847464378677,5.83152535621323
akane-midori,task_weak,information_coverage,1000,1.0,1.0,1.0,1.0,1.0,0.48375,0.4815395130306807,0.4859604869693193,0.4815395536488975,0.4859604463511025,-0.51625,-0.5184604869693192,-0.5140395130306807,-0.5184604463511024,-0.5140395536488975,1.0,1.0,1.0,1.0,1.0,0.48375,0.4815395130306807,0.4859604869693193,0.4815395536488975,0.4859604463511025,-0.51625,-0.5184604869693192,-0.5140395130306807,-0.5184604463511024,-0.5140395536488975
akane-midori,task_weak,information_complete,1000,1,1.0,1.0,1.0,1.0,0,0.0,0.0,0.0,0.0,-1,-1.0,-1.0,-1.0,-1.0,1,1.0,1.0,1.0,1.0,0,0.0,0.0,0.0,0.0,-1,-1.0,-1.0,-1.0,-1.0
akane-midori,task_medium,bridge_count,1000,3.645,3.6148126775875298,3.6751873224124703,3.614813232286663,3.675186767713337,3.645,3.6148126775875298,3.6751873224124703,3.614813232286663,3.675186767713337,0,0.0,0.0,0.0,0.0,3.617,3.5862237833203445,3.6477762166796555,3.586224348840548,3.647775651159452,3.617,3.5862237833203445,3.6477762166796555,3.586224348840548,3.647775651159452,0,0.0,0.0,0.0,0.0
akane-midori,task_medium,bridge_rate,1000,0.91125,0.9037031693968824,0.9187968306031176,0.9037033080716658,0.9187966919283342,0.91125,0.9037031693968824,0.9187968306031176,0.9037033080716658,0.9187966919283342,0.0,0.0,0.0,0.0,0.0,0.90425,0.8965559458300861,0.9119440541699139,0.896556087210137,0.911943912789863,0.90425,0.8965559458300861,0.9119440541699139,0.896556087210137,0.911943912789863,0.0,0.0,0.0,0.0,0.0
akane-midori,task_medium,unformed_turns,1000,15.51775,15.228981038251737,15.806518961748262,15.228986344449174,15.806513655550825,15.51775,15.228981038251737,15.806518961748262,15.228986344449174,15.806513655550825,0.0,0.0,0.0,0.0,0.0,16.74875,16.45573058276562,17.04176941723438,16.455735967066172,17.04176403293383,16.74875,16.45573058276562,17.04176941723438,16.455735967066172,17.04176403293383,0.0,0.0,0.0,0.0,0.0
akane-midori,task_medium,known_share,1000,0.13779166666666667,0.13542320366698318,0.14016012966635016,0.1354232471880466,0.14016008614528674,0.13779166666666667,0.13542320366698318,0.14016012966635016,0.1354232471880466,0.14016008614528674,0.0,0.0,0.0,0.0,0.0,0.1873125,0.18494336235655454,0.18968163764344545,0.1849434058900147,0.18968159410998528,0.1873125,0.18494336235655454,0.18968163764344545,0.1849434058900147,0.18968159410998528,0.0,0.0,0.0,0.0,0.0
akane-midori,task_medium,bridge_share,1000,0.718,0.7147101418825275,0.7212898581174725,0.7147102023344424,0.7212897976655576,0.718,0.7147101418825275,0.7212898581174725,0.7147102023344424,0.7212897976655576,0.0,0.0,0.0,0.0,0.0,0.668,0.6647399043399616,0.6712600956600385,0.6647399642449844,0.6712600357550157,0.668,0.6647399043399616,0.6712600956600385,0.6647399642449844,0.6712600357550157,0.0,0.0,0.0,0.0,0.0
akane-midori,task_medium,all_formed,1000,0.649,0.6194028949552997,0.6785971050447004,0.6194034388090504,0.6785965611909497,0.649,0.6194028949552997,0.6785971050447004,0.6194034388090504,0.6785965611909497,0,0.0,0.0,0.0,0.0,0.622,0.5919313161021079,0.6520686838978921,0.5919318686212307,0.6520681313787693,0.622,0.5919313161021079,0.6520686838978921,0.5919318686212307,0.6520681313787693,0,0.0,0.0,0.0,0.0
akane-midori,task_medium,confirmation_requests,1000,0,0.0,0.0,0.0,0.0,12,12.0,12.0,12.0,12.0,12,12.0,12.0,12.0,12.0,0,0.0,0.0,0.0,0.0,12,12.0,12.0,12.0,12.0,12,12.0,12.0,12.0,12.0
akane-midori,task_medium,information_transfers,1000,0,0.0,0.0,0.0,0.0,11.418,11.371624733456862,11.464375266543136,11.371625585613268,11.46437441438673,11.418,11.371624733456862,11.464375266543136,11.371625585613268,11.46437441438673,0,0.0,0.0,0.0,0.0,11.418,11.371624733456862,11.464375266543136,11.371625585613268,11.46437441438673,11.418,11.371624733456862,11.464375266543136,11.371625585613268,11.46437441438673
akane-midori,task_medium,information_coverage,1000,1.0,1.0,1.0,1.0,1.0,0.9515,0.9476353944547387,0.9553646055452614,0.9476354654677724,0.9553645345322276,-0.04850000000000001,-0.05236460554526137,-0.044635394454738644,-0.052364534532227586,-0.04463546546777243,1.0,1.0,1.0,1.0,1.0,0.9515,0.9476353944547387,0.9553646055452614,0.9476354654677724,0.9553645345322276,-0.04850000000000001,-0.05236460554526137,-0.044635394454738644,-0.052364534532227586,-0.04463546546777243
akane-midori,task_medium,information_complete,1000,1,1.0,1.0,1.0,1.0,0.555,0.5241823283019484,0.5858176716980517,0.5241828945838978,0.5858171054161023,-0.445,-0.47581767169805156,-0.41418232830194845,-0.4758171054161022,-0.4141828945838978,1,1.0,1.0,1.0,1.0,0.555,0.5241823283019484,0.5858176716980517,0.5241828945838978,0.5858171054161023,-0.445,-0.47581767169805156,-0.41418232830194845,-0.4758171054161022,-0.4141828945838978
akane-midori,task_strong,bridge_count,1000,3.698,3.6693941368071332,3.7266058631928667,3.669394662446582,3.726605337553418,3.698,3.6693941368071332,3.7266058631928667,3.669394662446582,3.726605337553418,0,0.0,0.0,0.0,0.0,3.678,3.6488930736978507,3.707106926302149,3.648893608544452,3.707106391455548,3.678,3.6488930736978507,3.707106926302149,3.648893608544452,3.707106391455548,0,0.0,0.0,0.0,0.0
akane-midori,task_strong,bridge_rate,1000,0.9245,0.9173485342017833,0.9316514657982167,0.9173486656116455,0.9316513343883545,0.9245,0.9173485342017833,0.9316514657982167,0.9173486656116455,0.9316513343883545,0.0,0.0,0.0,0.0,0.0,0.9195,0.9122232684244627,0.9267767315755373,0.912223402136113,0.926776597863887,0.9195,0.9122232684244627,0.9267767315755373,0.912223402136113,0.926776597863887,0.0,0.0,0.0,0.0,0.0
akane-midori,task_strong,unformed_turns,1000,14.98,14.7063449802583,15.2536550197417,14.706350008733507,15.253649991266494,14.98,14.7063449802583,15.2536550197417,14.706350008733507,15.253649991266494,0.0,0.0,0.0,0.0,0.0,15.545,15.267625357589681,15.822374642410319,15.267630454413826,15.822369545586174,15.545,15.267625357589681,15.822374642410319,15.267630454413826,15.822369545586174,0.0,0.0,0.0,0.0,0.0
akane-midori,task_strong,known_share,1000,0.14691666666666667,0.14505376363736389,0.14877956969596945,0.14505379786864422,0.1487795354646891,0.14691666666666667,0.14505376363736389,0.14877956969596945,0.14505379786864422,0.1487795354646891,0.0,0.0,0.0,0.0,0.0,0.18075,0.17879454912863232,0.18270545087136766,0.17879458506050097,0.18270541493949902,0.18075,0.17879454912863232,0.18270545087136766,0.17879458506050097,0.18270541493949902,0.0,0.0,0.0,0.0,0.0
akane-midori,task_strong,bridge_share,1000,0.7017916666666667,0.6990270395118823,0.7045562938214511,0.6990270903125549,0.7045562430207785,0.7017916666666667,0.6990270395118823,0.7045562938214511,0.6990270903125549,0.7045562430207785,0.0,0.0,0.0,0.0,0.0,0.6678958333333334,0.6650555360074684,0.6707361306591983,0.6650555881985982,0.6707360784680685,0.6678958333333334,0.6650555360074684,0.6707361306591983,0.6650555881985982,0.6707360784680685,0.0,0.0,0.0,0.0,0.0
akane-midori,task_strong,all_formed,1000,0.699,0.6705557057342553,0.7274442942657446,0.6705562284048373,0.7274437715951626,0.699,0.6705557057342553,0.7274442942657446,0.6705562284048373,0.7274437715951626,0,0.0,0.0,0.0,0.0,0.679,0.650049189236848,0.7079508107631521,0.6500497212147895,0.7079502787852106,0.679,0.650049189236848,0.7079508107631521,0.6500497212147895,0.7079502787852106,0,0.0,0.0,0.0,0.0
akane-midori,task_strong,confirmation_requests,1000,0,0.0,0.0,0.0,0.0,12.642,12.583767258094523,12.700232741905475,12.583768328134822,12.700231671865177,12.642,12.583767258094523,12.700232741905475,12.583768328134822,12.700231671865177,0,0.0,0.0,0.0,0.0,12.642,12.583767258094523,12.700232741905475,12.583768328134822,12.700231671865177,12.642,12.583767258094523,12.700232741905475,12.583768328134822,12.700231671865177
akane-midori,task_strong,information_transfers,1000,0,0.0,0.0,0.0,0.0,12,12.0,12.0,12.0,12.0,12,12.0,12.0,12.0,12.0,0,0.0,0.0,0.0,0.0,12,12.0,12.0,12.0,12.0,12,12.0,12.0,12.0,12.0
akane-midori,task_strong,information_coverage,1000,1.0,1.0,1.0,1.0,1.0,1.0,1.0,1.0,1.0,1.0,0.0,0.0,0.0,0.0,0.0,1.0,1.0,1.0,1.0,1.0,1.0,1.0,1.0,1.0,1.0,0.0,0.0,0.0,0.0,0.0
akane-midori,task_strong,information_complete,1000,1,1.0,1.0,1.0,1.0,1,1.0,1.0,1.0,1.0,0,0.0,0.0,0.0,0.0,1,1.0,1.0,1.0,1.0,1,1.0,1.0,1.0,1.0,0,0.0,0.0,0.0,0.0
akane-kurumi,task_weak,bridge_count,1000,3.176,3.1300517482352133,3.221948251764787,3.130052592545122,3.2219474074548784,3.176,3.1300517482352133,3.221948251764787,3.130052592545122,3.2219474074548784,0,0.0,0.0,0.0,0.0,3.131,3.084435935373783,3.1775640646262167,3.0844367909993973,3.1775632090006023,3.131,3.084435935373783,3.1775640646262167,3.0844367909993973,3.1775632090006023,0,0.0,0.0,0.0,0.0
akane-kurumi,task_weak,bridge_rate,1000,0.794,0.7825129370588033,0.8054870629411968,0.7825131481362805,0.8054868518637196,0.794,0.7825129370588033,0.8054870629411968,0.7825131481362805,0.8054868518637196,0.0,0.0,0.0,0.0,0.0,0.78275,0.7711089838434457,0.7943910161565542,0.7711091977498493,0.7943908022501506,0.78275,0.7711089838434457,0.7943910161565542,0.7711091977498493,0.7943908022501506,0.0,0.0,0.0,0.0,0.0
akane-kurumi,task_weak,unformed_turns,1000,25.05225,24.647764946814906,25.456735053185096,24.647772379322674,25.456727620677327,25.05225,24.647764946814906,25.456735053185096,24.647772379322674,25.456727620677327,0.0,0.0,0.0,0.0,0.0,26.107,25.707397299508823,26.506602700491175,25.70740464230222,26.50659535769778,26.107,25.707397299508823,26.506602700491175,25.70740464230222,26.50659535769778,0.0,0.0,0.0,0.0,0.0
akane-kurumi,task_weak,known_share,1000,0.22635416666666666,0.22393350781128135,0.22877482552205197,0.22393355229145587,0.22877478104187746,0.22635416666666666,0.22393350781128135,0.22877482552205197,0.22393355229145587,0.22877478104187746,0.0,0.0,0.0,0.0,0.0,0.25727083333333334,0.25482533397060486,0.2597163326960618,0.25482537890722956,0.2597162877594371,0.25727083333333334,0.25482533397060486,0.2597163326960618,0.25482537890722956,0.2597162877594371,0.0,0.0,0.0,0.0,0.0
akane-kurumi,task_weak,bridge_share,1000,0.5506458333333334,0.5471207335759042,0.5541709330907626,0.5471207983504395,0.5541708683162273,0.5506458333333334,0.5471207335759042,0.5541709330907626,0.5471207983504395,0.5541708683162273,0.0,0.0,0.0,0.0,0.0,0.5184375,0.5148699170191279,0.5220050829808721,0.5148699825743023,0.5220050174256977,0.5184375,0.5148699170191279,0.5220050829808721,0.5148699825743023,0.5220050174256977,0.0,0.0,0.0,0.0,0.0
akane-kurumi,task_weak,all_formed,1000,0.361,0.3312163885683769,0.3907836114316231,0.3312169358492262,0.3907830641507738,0.361,0.3312163885683769,0.3907836114316231,0.3312169358492262,0.3907830641507738,0,0.0,0.0,0.0,0.0,0.34,0.31062453476184665,0.3693754652381534,0.3106250745429138,0.3693749254570862,0.34,0.31062453476184665,0.3693754652381534,0.3106250745429138,0.3693749254570862,0,0.0,0.0,0.0,0.0
akane-kurumi,task_weak,confirmation_requests,1000,0,0.0,0.0,0.0,0.0,6,6.0,6.0,6.0,6.0,6,6.0,6.0,6.0,6.0,0,0.0,0.0,0.0,0.0,6,6.0,6.0,6.0,6.0,6,6.0,6.0,6.0,6.0
akane-kurumi,task_weak,information_transfers,1000,0,0.0,0.0,0.0,0.0,5.805,5.778474156368168,5.831525843631831,5.77847464378677,5.83152535621323,5.805,5.778474156368168,5.831525843631831,5.77847464378677,5.83152535621323,0,0.0,0.0,0.0,0.0,5.805,5.778474156368168,5.831525843631831,5.77847464378677,5.83152535621323,5.805,5.778474156368168,5.831525843631831,5.77847464378677,5.83152535621323
akane-kurumi,task_weak,information_coverage,1000,1.0,1.0,1.0,1.0,1.0,0.48375,0.4815395130306807,0.4859604869693193,0.4815395536488975,0.4859604463511025,-0.51625,-0.5184604869693192,-0.5140395130306807,-0.5184604463511024,-0.5140395536488975,1.0,1.0,1.0,1.0,1.0,0.48375,0.4815395130306807,0.4859604869693193,0.4815395536488975,0.4859604463511025,-0.51625,-0.5184604869693192,-0.5140395130306807,-0.5184604463511024,-0.5140395536488975
akane-kurumi,task_weak,information_complete,1000,1,1.0,1.0,1.0,1.0,0,0.0,0.0,0.0,0.0,-1,-1.0,-1.0,-1.0,-1.0,1,1.0,1.0,1.0,1.0,0,0.0,0.0,0.0,0.0,-1,-1.0,-1.0,-1.0,-1.0
akane-kurumi,task_medium,bridge_count,1000,3.345,3.302942791714514,3.387057208285486,3.302943564525586,3.3870564354744146,3.345,3.302942791714514,3.387057208285486,3.302943564525586,3.3870564354744146,0,0.0,0.0,0.0,0.0,3.33,3.2881662549821056,3.3718337450178946,3.288167023686987,3.371832976313013,3.33,3.2881662549821056,3.3718337450178946,3.288167023686987,3.371832976313013,0,0.0,0.0,0.0,0.0
akane-kurumi,task_medium,bridge_rate,1000,0.83625,0.8257356979286286,0.8467643020713715,0.8257358911313964,0.8467641088686036,0.83625,0.8257356979286286,0.8467643020713715,0.8257358911313964,0.8467641088686036,0.0,0.0,0.0,0.0,0.0,0.8325,0.8220415637455264,0.8429584362544736,0.8220417559217468,0.8429582440782533,0.8325,0.8220415637455264,0.8429584362544736,0.8220417559217468,0.8429582440782533,0.0,0.0,0.0,0.0,0.0
akane-kurumi,task_medium,unformed_turns,1000,24.5655,24.18578070246494,24.94521929753506,24.185787679896137,24.945212320103863,24.5655,24.18578070246494,24.94521929753506,24.185787679896137,24.945212320103863,0.0,0.0,0.0,0.0,0.0,25.3545,24.974895307602647,25.734104692397356,24.97490228292795,25.734097717072054,25.3545,24.974895307602647,25.734104692397356,24.97490228292795,25.734097717072054,0.0,0.0,0.0,0.0,0.0
akane-kurumi,task_medium,known_share,1000,0.21879166666666666,0.21636026828627003,0.2212230650470633,0.21636031296378586,0.22122302036954747,0.21879166666666666,0.21636026828627003,0.2212230650470633,0.21636031296378586,0.22122302036954747,0.0,0.0,0.0,0.0,0.0,0.246125,0.24359555997904728,0.24865444002095274,0.24359560645810124,0.24865439354189878,0.246125,0.24359555997904728,0.24865444002095274,0.24359560645810124,0.24865439354189878,0.0,0.0,0.0,0.0,0.0
akane-kurumi,task_medium,bridge_share,1000,0.5650416666666667,0.5617133718096884,0.5683699615236449,0.5617134329678873,0.568369900365446,0.5650416666666667,0.5617133718096884,0.5683699615236449,0.5617134329678873,0.568369900365446,0.0,0.0,0.0,0.0,0.0,0.5364375,0.5330611892625643,0.5398138107374357,0.5330612513030665,0.5398137486969335,0.5364375,0.5330611892625643,0.5398138107374357,0.5330612513030665,0.5398137486969335,0.0,0.0,0.0,0.0,0.0
akane-kurumi,task_medium,all_formed,1000,0.458,0.42710375434465225,0.4888962456553478,0.4271043220704165,0.48889567792958355,0.458,0.42710375434465225,0.4888962456553478,0.4271043220704165,0.48889567792958355,0,0.0,0.0,0.0,0.0,0.442,0.41120348586474625,0.47279651413525375,0.4112040517579204,0.4727959482420796,0.442,0.41120348586474625,0.47279651413525375,0.4112040517579204,0.4727959482420796,0,0.0,0.0,0.0,0.0
akane-kurumi,task_medium,confirmation_requests,1000,0,0.0,0.0,0.0,0.0,12,12.0,12.0,12.0,12.0,12,12.0,12.0,12.0,12.0,0,0.0,0.0,0.0,0.0,12,12.0,12.0,12.0,12.0,12,12.0,12.0,12.0,12.0
akane-kurumi,task_medium,information_transfers,1000,0,0.0,0.0,0.0,0.0,11.418,11.371624733456862,11.464375266543136,11.371625585613268,11.46437441438673,11.418,11.371624733456862,11.464375266543136,11.371625585613268,11.46437441438673,0,0.0,0.0,0.0,0.0,11.418,11.371624733456862,11.464375266543136,11.371625585613268,11.46437441438673,11.418,11.371624733456862,11.464375266543136,11.371625585613268,11.46437441438673
akane-kurumi,task_medium,information_coverage,1000,1.0,1.0,1.0,1.0,1.0,0.9515,0.9476353944547387,0.9553646055452614,0.9476354654677724,0.9553645345322276,-0.04850000000000001,-0.05236460554526137,-0.044635394454738644,-0.052364534532227586,-0.04463546546777243,1.0,1.0,1.0,1.0,1.0,0.9515,0.9476353944547387,0.9553646055452614,0.9476354654677724,0.9553645345322276,-0.04850000000000001,-0.05236460554526137,-0.044635394454738644,-0.052364534532227586,-0.04463546546777243
akane-kurumi,task_medium,information_complete,1000,1,1.0,1.0,1.0,1.0,0.555,0.5241823283019484,0.5858176716980517,0.5241828945838978,0.5858171054161023,-0.445,-0.47581767169805156,-0.41418232830194845,-0.4758171054161022,-0.4141828945838978,1,1.0,1.0,1.0,1.0,0.555,0.5241823283019484,0.5858176716980517,0.5241828945838978,0.5858171054161023,-0.445,-0.47581767169805156,-0.41418232830194845,-0.4758171054161022,-0.4141828945838978
akane-kurumi,task_strong,bridge_count,1000,3.494,3.4555745837366074,3.532425416263393,3.455575289812648,3.5324247101873523,3.494,3.4555745837366074,3.532425416263393,3.455575289812648,3.5324247101873523,0,0.0,0.0,0.0,0.0,3.49,3.4514778323896826,3.528522167610318,3.4514785402435524,3.528521459756448,3.49,3.4514778323896826,3.528522167610318,3.4514785402435524,3.528521459756448,0,0.0,0.0,0.0,0.0
akane-kurumi,task_strong,bridge_rate,1000,0.8735,0.8638936459341519,0.8831063540658483,0.863893822453162,0.8831061775468381,0.8735,0.8638936459341519,0.8831063540658483,0.863893822453162,0.8831061775468381,0.0,0.0,0.0,0.0,0.0,0.8725,0.8628694580974207,0.8821305419025794,0.8628696350608881,0.882130364939112,0.8725,0.8628694580974207,0.8821305419025794,0.8628696350608881,0.882130364939112,0.0,0.0,0.0,0.0,0.0
akane-kurumi,task_strong,unformed_turns,1000,21.5625,21.189521187002605,21.935478812997395,21.18952804057582,21.93547195942418,21.5625,21.189521187002605,21.935478812997395,21.18952804057582,21.93547195942418,0.0,0.0,0.0,0.0,0.0,21.942,21.570752572385867,22.313247427614133,21.57075939414447,22.31324060585553,21.942,21.570752572385867,22.313247427614133,21.57075939414447,22.31324060585553,0.0,0.0,0.0,0.0,0.0
akane-kurumi,task_strong,known_share,1000,0.20220833333333332,0.20019711445781177,0.20421955220885488,0.2001971514144306,0.20421951525223606,0.20220833333333332,0.20019711445781177,0.20421955220885488,0.2001971514144306,0.20421951525223606,0.0,0.0,0.0,0.0,0.0,0.22045833333333334,0.2184356486004774,0.22248101806618928,0.21843568576778402,0.22248098089888266,0.22045833333333334,0.2184356486004774,0.22248101806618928,0.21843568576778402,0.22248098089888266,0.0,0.0,0.0,0.0,0.0
akane-kurumi,task_strong,bridge_share,1000,0.598375,0.5954998943871463,0.6012501056128536,0.5954999472178866,0.6012500527821134,0.598375,0.5954998943871463,0.6012501056128536,0.5954999472178866,0.6012500527821134,0.0,0.0,0.0,0.0,0.0,0.5801666666666667,0.5773602490823726,0.5829730842509608,0.5773603006509543,0.5829730326823791,0.5801666666666667,0.5773602490823726,0.5829730842509608,0.5773603006509543,0.5829730326823791,0.0,0.0,0.0,0.0,0.0
akane-kurumi,task_strong,all_formed,1000,0.558,0.5272034858647463,0.5887965141352538,0.5272040517579205,0.5887959482420796,0.558,0.5272034858647463,0.5887965141352538,0.5272040517579205,0.5887959482420796,0,0.0,0.0,0.0,0.0,0.554,0.5231755285131693,0.5848244714868308,0.5231760949200663,0.5848239050799338,0.554,0.5231755285131693,0.5848244714868308,0.5231760949200663,0.5848239050799338,0,0.0,0.0,0.0,0.0
akane-kurumi,task_strong,confirmation_requests,1000,0,0.0,0.0,0.0,0.0,12.642,12.583767258094523,12.700232741905475,12.583768328134822,12.700231671865177,12.642,12.583767258094523,12.700232741905475,12.583768328134822,12.700231671865177,0,0.0,0.0,0.0,0.0,12.642,12.583767258094523,12.700232741905475,12.583768328134822,12.700231671865177,12.642,12.583767258094523,12.700232741905475,12.583768328134822,12.700231671865177
akane-kurumi,task_strong,information_transfers,1000,0,0.0,0.0,0.0,0.0,12,12.0,12.0,12.0,12.0,12,12.0,12.0,12.0,12.0,0,0.0,0.0,0.0,0.0,12,12.0,12.0,12.0,12.0,12,12.0,12.0,12.0,12.0
akane-kurumi,task_strong,information_coverage,1000,1.0,1.0,1.0,1.0,1.0,1.0,1.0,1.0,1.0,1.0,0.0,0.0,0.0,0.0,0.0,1.0,1.0,1.0,1.0,1.0,1.0,1.0,1.0,1.0,1.0,0.0,0.0,0.0,0.0,0.0
akane-kurumi,task_strong,information_complete,1000,1,1.0,1.0,1.0,1.0,1,1.0,1.0,1.0,1.0,0,0.0,0.0,0.0,0.0,1,1.0,1.0,1.0,1.0,1,1.0,1.0,1.0,1.0,0,0.0,0.0,0.0,0.0
koharu-midori,task_weak,bridge_count,1000,3.176,3.1300517482352133,3.221948251764787,3.130052592545122,3.2219474074548784,3.176,3.1300517482352133,3.221948251764787,3.130052592545122,3.2219474074548784,0,0.0,0.0,0.0,0.0,3.068,3.0205549636624327,3.1154450363375674,3.0205558354761095,3.1154441645238906,3.068,3.0205549636624327,3.1154450363375674,3.0205558354761095,3.1154441645238906,0,0.0,0.0,0.0,0.0
koharu-midori,task_weak,bridge_rate,1000,0.794,0.7825129370588033,0.8054870629411968,0.7825131481362805,0.8054868518637196,0.794,0.7825129370588033,0.8054870629411968,0.7825131481362805,0.8054868518637196,0.0,0.0,0.0,0.0,0.0,0.767,0.7551387409156082,0.7788612590843919,0.7551389588690274,0.7788610411309727,0.767,0.7551387409156082,0.7788612590843919,0.7551389588690274,0.7788610411309727,0.0,0.0,0.0,0.0,0.0
koharu-midori,task_weak,unformed_turns,1000,25.05225,24.647764946814906,25.456735053185096,24.647772379322674,25.456727620677327,25.05225,24.647764946814906,25.456735053185096,24.647772379322674,25.456727620677327,0.0,0.0,0.0,0.0,0.0,26.278,25.868519513218693,26.687480486781304,25.868527037518728,26.68747296248127,26.278,25.868519513218693,26.687480486781304,25.868527037518728,26.68747296248127,0.0,0.0,0.0,0.0,0.0
koharu-midori,task_weak,known_share,1000,0.223,0.22050477990260467,0.22549522009739534,0.2205048257528595,0.2254951742471405,0.223,0.22050477990260467,0.22549522009739534,0.2205048257528595,0.2254951742471405,0.0,0.0,0.0,0.0,0.0,0.2544375,0.2519411941943515,0.25693380580564845,0.2519412400645565,0.2569337599354435,0.2544375,0.2519411941943515,0.25693380580564845,0.2519412400645565,0.2569337599354435,0.0,0.0,0.0,0.0,0.0
koharu-midori,task_weak,bridge_share,1000,0.5506458333333334,0.5471207335759042,0.5541709330907626,0.5471207983504395,0.5541708683162273,0.5506458333333334,0.5471207335759042,0.5541709330907626,0.5471207983504395,0.5541708683162273,0.0,0.0,0.0,0.0,0.0,0.5185416666666667,0.5150645576030597,0.5220187757302737,0.5150646214957547,0.5220187118375786,0.5185416666666667,0.5150645576030597,0.5220187757302737,0.5150646214957547,0.5220187118375786,0.0,0.0,0.0,0.0,0.0
koharu-midori,task_weak,all_formed,1000,0.361,0.3312163885683769,0.3907836114316231,0.3312169358492262,0.3907830641507738,0.361,0.3312163885683769,0.3907836114316231,0.3312169358492262,0.3907830641507738,0,0.0,0.0,0.0,0.0,0.303,0.274502219927351,0.33149778007264896,0.27450274358074733,0.33149725641925265,0.303,0.274502219927351,0.33149778007264896,0.27450274358074733,0.33149725641925265,0,0.0,0.0,0.0,0.0
koharu-midori,task_weak,confirmation_requests,1000,0,0.0,0.0,0.0,0.0,6,6.0,6.0,6.0,6.0,6,6.0,6.0,6.0,6.0,0,0.0,0.0,0.0,0.0,6,6.0,6.0,6.0,6.0,6,6.0,6.0,6.0,6.0
koharu-midori,task_weak,information_transfers,1000,0,0.0,0.0,0.0,0.0,5.805,5.778474156368168,5.831525843631831,5.77847464378677,5.83152535621323,5.805,5.778474156368168,5.831525843631831,5.77847464378677,5.83152535621323,0,0.0,0.0,0.0,0.0,5.805,5.778474156368168,5.831525843631831,5.77847464378677,5.83152535621323,5.805,5.778474156368168,5.831525843631831,5.77847464378677,5.83152535621323
koharu-midori,task_weak,information_coverage,1000,1.0,1.0,1.0,1.0,1.0,0.48375,0.4815395130306807,0.4859604869693193,0.4815395536488975,0.4859604463511025,-0.51625,-0.5184604869693192,-0.5140395130306807,-0.5184604463511024,-0.5140395536488975,1.0,1.0,1.0,1.0,1.0,0.48375,0.4815395130306807,0.4859604869693193,0.4815395536488975,0.4859604463511025,-0.51625,-0.5184604869693192,-0.5140395130306807,-0.5184604463511024,-0.5140395536488975
koharu-midori,task_weak,information_complete,1000,1,1.0,1.0,1.0,1.0,0,0.0,0.0,0.0,0.0,-1,-1.0,-1.0,-1.0,-1.0,1,1.0,1.0,1.0,1.0,0,0.0,0.0,0.0,0.0,-1,-1.0,-1.0,-1.0,-1.0
koharu-midori,task_medium,bridge_count,1000,3.345,3.302942791714514,3.387057208285486,3.302943564525586,3.3870564354744146,3.345,3.302942791714514,3.387057208285486,3.302943564525586,3.3870564354744146,0,0.0,0.0,0.0,0.0,3.302,3.2589121167927773,3.345087883207223,3.2589129085427424,3.3450870914572577,3.302,3.2589121167927773,3.345087883207223,3.2589129085427424,3.3450870914572577,0,0.0,0.0,0.0,0.0
koharu-midori,task_medium,bridge_rate,1000,0.83625,0.8257356979286286,0.8467643020713715,0.8257358911313964,0.8467641088686036,0.83625,0.8257356979286286,0.8467643020713715,0.8257358911313964,0.8467641088686036,0.0,0.0,0.0,0.0,0.0,0.8255,0.8147280291981943,0.8362719708018057,0.8147282271356856,0.8362717728643144,0.8255,0.8147280291981943,0.8362719708018057,0.8147282271356856,0.8362717728643144,0.0,0.0,0.0,0.0,0.0
koharu-midori,task_medium,unformed_turns,1000,24.5655,24.18578070246494,24.94521929753506,24.185787679896137,24.945212320103863,24.5655,24.18578070246494,24.94521929753506,24.185787679896137,24.945212320103863,0.0,0.0,0.0,0.0,0.0,25.35175,24.960715815677954,25.742784184322044,24.960723001022853,25.742776998977146,25.35175,24.960715815677954,25.742784184322044,24.960723001022853,25.742776998977146,0.0,0.0,0.0,0.0,0.0
koharu-midori,task_medium,known_share,1000,0.21616666666666667,0.2137364259142804,0.21859690741905294,0.21373647057052453,0.21859686276280882,0.21616666666666667,0.2137364259142804,0.21859690741905294,0.21373647057052453,0.21859686276280882,0.0,0.0,0.0,0.0,0.0,0.24297916666666666,0.24056242178641288,0.24539591154692045,0.24056246619466717,0.24539586713866615,0.24297916666666666,0.24056242178641288,0.24539591154692045,0.24056246619466717,0.24539586713866615,0.0,0.0,0.0,0.0,0.0
koharu-midori,task_medium,bridge_share,1000,0.5650416666666667,0.5617133718096884,0.5683699615236449,0.5617134329678873,0.568369900365446,0.5650416666666667,0.5617133718096884,0.5683699615236449,0.5617134329678873,0.568369900365446,0.0,0.0,0.0,0.0,0.0,0.537875,0.5345714290330141,0.5411785709669859,0.5345714897369059,0.541178510263094,0.537875,0.5345714290330141,0.5411785709669859,0.5345714897369059,0.541178510263094,0.0,0.0,0.0,0.0,0.0
koharu-midori,task_medium,all_formed,1000,0.458,0.42710375434465225,0.4888962456553478,0.4271043220704165,0.48889567792958355,0.458,0.42710375434465225,0.4888962456553478,0.4271043220704165,0.48889567792958355,0,0.0,0.0,0.0,0.0,0.432,0.4012822523348208,0.4627177476651792,0.4012828167806426,0.4627171832193574,0.432,0.4012822523348208,0.4627177476651792,0.4012828167806426,0.4627171832193574,0,0.0,0.0,0.0,0.0
koharu-midori,task_medium,confirmation_requests,1000,0,0.0,0.0,0.0,0.0,12,12.0,12.0,12.0,12.0,12,12.0,12.0,12.0,12.0,0,0.0,0.0,0.0,0.0,12,12.0,12.0,12.0,12.0,12,12.0,12.0,12.0,12.0
koharu-midori,task_medium,information_transfers,1000,0,0.0,0.0,0.0,0.0,11.418,11.371624733456862,11.464375266543136,11.371625585613268,11.46437441438673,11.418,11.371624733456862,11.464375266543136,11.371625585613268,11.46437441438673,0,0.0,0.0,0.0,0.0,11.418,11.371624733456862,11.464375266543136,11.371625585613268,11.46437441438673,11.418,11.371624733456862,11.464375266543136,11.371625585613268,11.46437441438673
koharu-midori,task_medium,information_coverage,1000,1.0,1.0,1.0,1.0,1.0,0.9515,0.9476353944547387,0.9553646055452614,0.9476354654677724,0.9553645345322276,-0.04850000000000001,-0.05236460554526137,-0.044635394454738644,-0.052364534532227586,-0.04463546546777243,1.0,1.0,1.0,1.0,1.0,0.9515,0.9476353944547387,0.9553646055452614,0.9476354654677724,0.9553645345322276,-0.04850000000000001,-0.05236460554526137,-0.044635394454738644,-0.052364534532227586,-0.04463546546777243
koharu-midori,task_medium,information_complete,1000,1,1.0,1.0,1.0,1.0,0.555,0.5241823283019484,0.5858176716980517,0.5241828945838978,0.5858171054161023,-0.445,-0.47581767169805156,-0.41418232830194845,-0.4758171054161022,-0.4141828945838978,1,1.0,1.0,1.0,1.0,0.555,0.5241823283019484,0.5858176716980517,0.5241828945838978,0.5858171054161023,-0.445,-0.47581767169805156,-0.41418232830194845,-0.4758171054161022,-0.4141828945838978
koharu-midori,task_strong,bridge_count,1000,3.494,3.4555745837366074,3.532425416263393,3.455575289812648,3.5324247101873523,3.494,3.4555745837366074,3.532425416263393,3.455575289812648,3.5324247101873523,0,0.0,0.0,0.0,0.0,3.462,3.422753137120964,3.5012468628790363,3.4227538582912795,3.501246141708721,3.462,3.422753137120964,3.5012468628790363,3.4227538582912795,3.501246141708721,0,0.0,0.0,0.0,0.0
koharu-midori,task_strong,bridge_rate,1000,0.8735,0.8638936459341519,0.8831063540658483,0.863893822453162,0.8831061775468381,0.8735,0.8638936459341519,0.8831063540658483,0.863893822453162,0.8831061775468381,0.0,0.0,0.0,0.0,0.0,0.8655,0.855688284280241,0.8753117157197591,0.8556884645728199,0.8753115354271802,0.8655,0.855688284280241,0.8753117157197591,0.8556884645728199,0.8753115354271802,0.0,0.0,0.0,0.0,0.0
koharu-midori,task_strong,unformed_turns,1000,21.5625,21.189521187002605,21.935478812997395,21.18952804057582,21.93547195942418,21.5625,21.189521187002605,21.935478812997395,21.18952804057582,21.93547195942418,0.0,0.0,0.0,0.0,0.0,22.02775,21.649985409661504,22.4055145903385,21.6499923511745,22.405507648825502,22.02775,21.649985409661504,22.4055145903385,21.6499923511745,22.405507648825502,0.0,0.0,0.0,0.0,0.0
koharu-midori,task_strong,known_share,1000,0.19941666666666666,0.1973958228691161,0.2014375104642172,0.1973958600025951,0.20143747333073822,0.19941666666666666,0.1973958228691161,0.2014375104642172,0.1973958600025951,0.20143747333073822,0.0,0.0,0.0,0.0,0.0,0.21889583333333335,0.21691286756703437,0.22087879909963232,0.21691290400449567,0.22087876266217102,0.21889583333333335,0.21691286756703437,0.22087879909963232,0.21691290400449567,0.22087876266217102,0.0,0.0,0.0,0.0,0.0
koharu-midori,task_strong,bridge_share,1000,0.598375,0.5954998943871463,0.6012501056128536,0.5954999472178866,0.6012500527821134,0.598375,0.5954998943871463,0.6012501056128536,0.5954999472178866,0.6012500527821134,0.0,0.0,0.0,0.0,0.0,0.5786875,0.5758661426935249,0.5815088573064752,0.5758661945366275,0.5815088054633726,0.5786875,0.5758661426935249,0.5815088573064752,0.5758661945366275,0.5815088054633726,0.0,0.0,0.0,0.0,0.0
koharu-midori,task_strong,all_formed,1000,0.558,0.5272034858647463,0.5887965141352538,0.5272040517579205,0.5887959482420796,0.558,0.5272034858647463,0.5887965141352538,0.5272040517579205,0.5887959482420796,0,0.0,0.0,0.0,0.0,0.535,0.504070229701941,0.565929770298059,0.5040707980437285,0.5659292019562716,0.535,0.504070229701941,0.565929770298059,0.5040707980437285,0.5659292019562716,0,0.0,0.0,0.0,0.0
koharu-midori,task_strong,confirmation_requests,1000,0,0.0,0.0,0.0,0.0,12.642,12.583767258094523,12.700232741905475,12.583768328134822,12.700231671865177,12.642,12.583767258094523,12.700232741905475,12.583768328134822,12.700231671865177,0,0.0,0.0,0.0,0.0,12.642,12.583767258094523,12.700232741905475,12.583768328134822,12.700231671865177,12.642,12.583767258094523,12.700232741905475,12.583768328134822,12.700231671865177
koharu-midori,task_strong,information_transfers,1000,0,0.0,0.0,0.0,0.0,12,12.0,12.0,12.0,12.0,12,12.0,12.0,12.0,12.0,0,0.0,0.0,0.0,0.0,12,12.0,12.0,12.0,12.0,12,12.0,12.0,12.0,12.0
koharu-midori,task_strong,information_coverage,1000,1.0,1.0,1.0,1.0,1.0,1.0,1.0,1.0,1.0,1.0,0.0,0.0,0.0,0.0,0.0,1.0,1.0,1.0,1.0,1.0,1.0,1.0,1.0,1.0,1.0,0.0,0.0,0.0,0.0,0.0
koharu-midori,task_strong,information_complete,1000,1,1.0,1.0,1.0,1.0,1,1.0,1.0,1.0,1.0,0,0.0,0.0,0.0,0.0,1,1.0,1.0,1.0,1.0,1,1.0,1.0,1.0,1.0,0,0.0,0.0,0.0,0.0
koharu-kurumi,task_weak,bridge_count,1000,3.581,3.5490511159256917,3.6129488840743083,3.5490517029939337,3.6129482970060662,3.581,3.5490511159256917,3.6129488840743083,3.5490517029939337,3.6129482970060662,0,0.0,0.0,0.0,0.0,3.513,3.4801964202495452,3.5458035797504546,3.480197023023021,3.545802976976979,3.513,3.4801964202495452,3.5458035797504546,3.480197023023021,3.545802976976979,0,0.0,0.0,0.0,0.0
koharu-kurumi,task_weak,bridge_rate,1000,0.89525,0.8872627789814229,0.9032372210185771,0.8872629257484834,0.9032370742515166,0.89525,0.8872627789814229,0.9032372210185771,0.8872629257484834,0.9032370742515166,0.0,0.0,0.0,0.0,0.0,0.87825,0.8700491050623863,0.8864508949376136,0.8700492557557552,0.8864507442442447,0.87825,0.8700491050623863,0.8864508949376136,0.8700492557557552,0.8864507442442447,0.0,0.0,0.0,0.0,0.0
koharu-kurumi,task_weak,unformed_turns,1000,15.4785,15.174009744760303,15.782990255239698,15.174015339840198,15.782984660159803,15.4785,15.174009744760303,15.782990255239698,15.174015339840198,15.782984660159803,0.0,0.0,0.0,0.0,0.0,16.71175,16.412870226984463,17.010629773015534,16.41287571897043,17.010624281029568,16.71175,16.412870226984463,17.010629773015534,16.41287571897043,17.010624281029568,0.0,0.0,0.0,0.0,0.0
koharu-kurumi,task_weak,known_share,1000,0.13995833333333332,0.1374226088683231,0.14249405779834354,0.1374226554628552,0.14249401120381144,0.13995833333333332,0.1374226088683231,0.14249405779834354,0.1374226554628552,0.14249401120381144,0.0,0.0,0.0,0.0,0.0,0.1935,0.19100790156268097,0.19599209843731905,0.19100794735557458,0.19599205264442543,0.1935,0.19100790156268097,0.19599209843731905,0.19100794735557458,0.19599205264442543,0.0,0.0,0.0,0.0,0.0
koharu-kurumi,task_weak,bridge_share,1000,0.7257916666666666,0.722224088130203,0.7293592452031302,0.7222241536852958,0.7293591796480374,0.7257916666666666,0.722224088130203,0.7293592452031302,0.7222241536852958,0.7293591796480374,0.0,0.0,0.0,0.0,0.0,0.6717083333333334,0.6681907705216347,0.675225896145032,0.6681908351576769,0.6752258315089898,0.6717083333333334,0.6681907705216347,0.675225896145032,0.6681908351576769,0.6752258315089898,0.0,0.0,0.0,0.0,0.0
koharu-kurumi,task_weak,all_formed,1000,0.592,0.5615235580962752,0.6224764419037248,0.561524118108047,0.6224758818919529,0.592,0.5615235580962752,0.6224764419037248,0.561524118108047,0.6224758818919529,0,0.0,0.0,0.0,0.0,0.528,0.49704282745255746,0.5589571725474426,0.49704339629786765,0.5589566037021324,0.528,0.49704282745255746,0.5589571725474426,0.49704339629786765,0.5589566037021324,0,0.0,0.0,0.0,0.0
koharu-kurumi,task_weak,confirmation_requests,1000,0,0.0,0.0,0.0,0.0,6,6.0,6.0,6.0,6.0,6,6.0,6.0,6.0,6.0,0,0.0,0.0,0.0,0.0,6,6.0,6.0,6.0,6.0,6,6.0,6.0,6.0,6.0
koharu-kurumi,task_weak,information_transfers,1000,0,0.0,0.0,0.0,0.0,5.805,5.778474156368168,5.831525843631831,5.77847464378677,5.83152535621323,5.805,5.778474156368168,5.831525843631831,5.77847464378677,5.83152535621323,0,0.0,0.0,0.0,0.0,5.805,5.778474156368168,5.831525843631831,5.77847464378677,5.83152535621323,5.805,5.778474156368168,5.831525843631831,5.77847464378677,5.83152535621323
koharu-kurumi,task_weak,information_coverage,1000,1.0,1.0,1.0,1.0,1.0,0.48375,0.4815395130306807,0.4859604869693193,0.4815395536488975,0.4859604463511025,-0.51625,-0.5184604869693192,-0.5140395130306807,-0.5184604463511024,-0.5140395536488975,1.0,1.0,1.0,1.0,1.0,0.48375,0.4815395130306807,0.4859604869693193,0.4815395536488975,0.4859604463511025,-0.51625,-0.5184604869693192,-0.5140395130306807,-0.5184604463511024,-0.5140395536488975
koharu-kurumi,task_weak,information_complete,1000,1,1.0,1.0,1.0,1.0,0,0.0,0.0,0.0,0.0,-1,-1.0,-1.0,-1.0,-1.0,1,1.0,1.0,1.0,1.0,0,0.0,0.0,0.0,0.0,-1,-1.0,-1.0,-1.0,-1.0
koharu-kurumi,task_medium,bridge_count,1000,3.645,3.6148126775875298,3.6751873224124703,3.614813232286663,3.675186767713337,3.645,3.6148126775875298,3.6751873224124703,3.614813232286663,3.675186767713337,0,0.0,0.0,0.0,0.0,3.603,3.5715391823270815,3.634460817672919,3.571539760426989,3.6344602395730115,3.603,3.5715391823270815,3.634460817672919,3.571539760426989,3.6344602395730115,0,0.0,0.0,0.0,0.0
koharu-kurumi,task_medium,bridge_rate,1000,0.91125,0.9037031693968824,0.9187968306031176,0.9037033080716658,0.9187966919283342,0.91125,0.9037031693968824,0.9187968306031176,0.9037033080716658,0.9187966919283342,0.0,0.0,0.0,0.0,0.0,0.90075,0.8928847955817704,0.9086152044182297,0.8928849401067472,0.9086150598932529,0.90075,0.8928847955817704,0.9086152044182297,0.8928849401067472,0.9086150598932529,0.0,0.0,0.0,0.0,0.0
koharu-kurumi,task_medium,unformed_turns,1000,15.51775,15.228981038251737,15.806518961748262,15.228986344449174,15.806513655550825,15.51775,15.228981038251737,15.806518961748262,15.228986344449174,15.806513655550825,0.0,0.0,0.0,0.0,0.0,16.4815,16.19157954110673,16.77142045889327,16.191584868463195,16.771415131536806,16.4815,16.19157954110673,16.77142045889327,16.191584868463195,16.771415131536806,0.0,0.0,0.0,0.0,0.0
koharu-kurumi,task_medium,known_share,1000,0.14420833333333333,0.14187647570438847,0.1465401909622782,0.1418765185528196,0.14654014811384705,0.14420833333333333,0.14187647570438847,0.1465401909622782,0.1418765185528196,0.14654014811384705,0.0,0.0,0.0,0.0,0.0,0.19083333333333333,0.1884217843240491,0.19324488234261755,0.18842182863682805,0.1932448380298386,0.19083333333333333,0.1884217843240491,0.19324488234261755,0.18842182863682805,0.1932448380298386,0.0,0.0,0.0,0.0,0.0
koharu-kurumi,task_medium,bridge_share,1000,0.718,0.7147101418825275,0.7212898581174725,0.7147102023344424,0.7212897976655576,0.718,0.7147101418825275,0.7212898581174725,0.7147102023344424,0.7212897976655576,0.0,0.0,0.0,0.0,0.0,0.6713749999999999,0.6680805233856842,0.6746694766143156,0.668080583922465,0.6746694160775348,0.6713749999999999,0.6680805233856842,0.6746694766143156,0.668080583922465,0.6746694160775348,0.0,0.0,0.0,0.0,0.0
koharu-kurumi,task_medium,all_formed,1000,0.649,0.6194028949552997,0.6785971050447004,0.6194034388090504,0.6785965611909497,0.649,0.6194028949552997,0.6785971050447004,0.6194034388090504,0.6785965611909497,0,0.0,0.0,0.0,0.0,0.612,0.581782056759374,0.642217943240626,0.5817826120211722,0.6422173879788278,0.612,0.581782056759374,0.642217943240626,0.5817826120211722,0.6422173879788278,0,0.0,0.0,0.0,0.0
koharu-kurumi,task_medium,confirmation_requests,1000,0,0.0,0.0,0.0,0.0,12,12.0,12.0,12.0,12.0,12,12.0,12.0,12.0,12.0,0,0.0,0.0,0.0,0.0,12,12.0,12.0,12.0,12.0,12,12.0,12.0,12.0,12.0
koharu-kurumi,task_medium,information_transfers,1000,0,0.0,0.0,0.0,0.0,11.418,11.371624733456862,11.464375266543136,11.371625585613268,11.46437441438673,11.418,11.371624733456862,11.464375266543136,11.371625585613268,11.46437441438673,0,0.0,0.0,0.0,0.0,11.418,11.371624733456862,11.464375266543136,11.371625585613268,11.46437441438673,11.418,11.371624733456862,11.464375266543136,11.371625585613268,11.46437441438673
koharu-kurumi,task_medium,information_coverage,1000,1.0,1.0,1.0,1.0,1.0,0.9515,0.9476353944547387,0.9553646055452614,0.9476354654677724,0.9553645345322276,-0.04850000000000001,-0.05236460554526137,-0.044635394454738644,-0.052364534532227586,-0.04463546546777243,1.0,1.0,1.0,1.0,1.0,0.9515,0.9476353944547387,0.9553646055452614,0.9476354654677724,0.9553645345322276,-0.04850000000000001,-0.05236460554526137,-0.044635394454738644,-0.052364534532227586,-0.04463546546777243
koharu-kurumi,task_medium,information_complete,1000,1,1.0,1.0,1.0,1.0,0.555,0.5241823283019484,0.5858176716980517,0.5241828945838978,0.5858171054161023,-0.445,-0.47581767169805156,-0.41418232830194845,-0.4758171054161022,-0.4141828945838978,1,1.0,1.0,1.0,1.0,0.555,0.5241823283019484,0.5858176716980517,0.5241828945838978,0.5858171054161023,-0.445,-0.47581767169805156,-0.41418232830194845,-0.4758171054161022,-0.4141828945838978
koharu-kurumi,task_strong,bridge_count,1000,3.698,3.6693941368071332,3.7266058631928667,3.669394662446582,3.726605337553418,3.698,3.6693941368071332,3.7266058631928667,3.669394662446582,3.726605337553418,0,0.0,0.0,0.0,0.0,3.687,3.6579780813631944,3.7160219186368053,3.6579786146477598,3.71602138535224,3.687,3.6579780813631944,3.7160219186368053,3.6579786146477598,3.71602138535224,0,0.0,0.0,0.0,0.0
koharu-kurumi,task_strong,bridge_rate,1000,0.9245,0.9173485342017833,0.9316514657982167,0.9173486656116455,0.9316513343883545,0.9245,0.9173485342017833,0.9316514657982167,0.9173486656116455,0.9316513343883545,0.0,0.0,0.0,0.0,0.0,0.92175,0.9144945203407986,0.9290054796592013,0.9144946536619399,0.92900534633806,0.92175,0.9144945203407986,0.9290054796592013,0.9144946536619399,0.92900534633806,0.0,0.0,0.0,0.0,0.0
koharu-kurumi,task_strong,unformed_turns,1000,14.98,14.7063449802583,15.2536550197417,14.706350008733507,15.253649991266494,14.98,14.7063449802583,15.2536550197417,14.706350008733507,15.253649991266494,0.0,0.0,0.0,0.0,0.0,15.4475,15.171508985599115,15.723491014400885,15.171514056998769,15.723485943001231,15.4475,15.171508985599115,15.723491014400885,15.171514056998769,15.723485943001231,0.0,0.0,0.0,0.0,0.0
koharu-kurumi,task_strong,known_share,1000,0.15129166666666666,0.1492747331950414,0.15330860013829192,0.14927477025666724,0.15330856307666607,0.15129166666666666,0.1492747331950414,0.15330860013829192,0.14927477025666724,0.15330856307666607,0.0,0.0,0.0,0.0,0.0,0.181375,0.17930167080599232,0.1834483291940077,0.17930170890390282,0.1834482910960972,0.181375,0.17930167080599232,0.1834483291940077,0.17930170890390282,0.1834482910960972,0.0,0.0,0.0,0.0,0.0
koharu-kurumi,task_strong,bridge_share,1000,0.7017916666666667,0.6990270395118823,0.7045562938214511,0.6990270903125549,0.7045562430207785,0.7017916666666667,0.6990270395118823,0.7045562938214511,0.6990270903125549,0.7045562430207785,0.0,0.0,0.0,0.0,0.0,0.6715833333333333,0.6687794718263288,0.6743871948403378,0.668779523347942,0.6743871433187246,0.6715833333333333,0.6687794718263288,0.6743871948403378,0.668779523347942,0.6743871433187246,0.0,0.0,0.0,0.0,0.0
koharu-kurumi,task_strong,all_formed,1000,0.699,0.6705557057342553,0.7274442942657446,0.6705562284048373,0.7274437715951626,0.699,0.6705557057342553,0.7274442942657446,0.6705562284048373,0.7274437715951626,0,0.0,0.0,0.0,0.0,0.689,0.6602946310839835,0.7177053689160164,0.6602951585518735,0.7177048414481264,0.689,0.6602946310839835,0.7177053689160164,0.6602951585518735,0.7177048414481264,0,0.0,0.0,0.0,0.0
koharu-kurumi,task_strong,confirmation_requests,1000,0,0.0,0.0,0.0,0.0,12.642,12.583767258094523,12.700232741905475,12.583768328134822,12.700231671865177,12.642,12.583767258094523,12.700232741905475,12.583768328134822,12.700231671865177,0,0.0,0.0,0.0,0.0,12.642,12.583767258094523,12.700232741905475,12.583768328134822,12.700231671865177,12.642,12.583767258094523,12.700232741905475,12.583768328134822,12.700231671865177
koharu-kurumi,task_strong,information_transfers,1000,0,0.0,0.0,0.0,0.0,12,12.0,12.0,12.0,12.0,12,12.0,12.0,12.0,12.0,0,0.0,0.0,0.0,0.0,12,12.0,12.0,12.0,12.0,12,12.0,12.0,12.0,12.0
koharu-kurumi,task_strong,information_coverage,1000,1.0,1.0,1.0,1.0,1.0,1.0,1.0,1.0,1.0,1.0,0.0,0.0,0.0,0.0,0.0,1.0,1.0,1.0,1.0,1.0,1.0,1.0,1.0,1.0,1.0,0.0,0.0,0.0,0.0,0.0
koharu-kurumi,task_strong,information_complete,1000,1,1.0,1.0,1.0,1.0,1,1.0,1.0,1.0,1.0,0,0.0,0.0,0.0,0.0,1,1.0,1.0,1.0,1.0,1,1.0,1.0,1.0,1.0,0,0.0,0.0,0.0,0.0
kurumi-midori,task_weak,bridge_count,1000,3.595,3.5605304988938555,3.629469501106145,3.5605311322790274,3.629468867720973,3.595,3.5605304988938555,3.629469501106145,3.5605311322790274,3.629468867720973,0,0.0,0.0,0.0,0.0,3.48,3.4426074343757485,3.5173925656242515,3.4426081214729165,3.5173918785270835,3.48,3.4426074343757485,3.5173925656242515,3.4426081214729165,3.5173918785270835,0,0.0,0.0,0.0,0.0
kurumi-midori,task_weak,bridge_rate,1000,0.89875,0.8901326247234639,0.9073673752765362,0.8901327830697568,0.9073672169302432,0.89875,0.8901326247234639,0.9073673752765362,0.8901327830697568,0.9073672169302432,0.0,0.0,0.0,0.0,0.0,0.87,0.8606518585939371,0.8793481414060629,0.8606520303682291,0.8793479696317709,0.87,0.8606518585939371,0.8793481414060629,0.8606520303682291,0.8793479696317709,0.0,0.0,0.0,0.0,0.0
kurumi-midori,task_weak,unformed_turns,1000,16.15225,15.832637165251398,16.4718628347486,15.83264303821224,16.471856961787758,16.15225,15.832637165251398,16.4718628347486,15.83264303821224,16.471856961787758,0.0,0.0,0.0,0.0,0.0,17.76675,17.43969711240782,18.093802887592176,17.439703122081376,18.09379687791862,17.76675,17.43969711240782,18.093802887592176,17.439703122081376,18.09379687791862,0.0,0.0,0.0,0.0,0.0
kurumi-midori,task_weak,known_share,1000,0.132875,0.13034301690763017,0.13540698309236981,0.13034306343341365,0.13540693656658634,0.132875,0.13034301690763017,0.13540698309236981,0.13034306343341365,0.13540693656658634,0.0,0.0,0.0,0.0,0.0,0.19354166666666667,0.19110002607854987,0.19598330725478347,0.19110007094426865,0.1959832623890647,0.19354166666666667,0.19110002607854987,0.19598330725478347,0.19110007094426865,0.1959832623890647,0.0,0.0,0.0,0.0,0.0
kurumi-midori,task_weak,bridge_share,1000,0.7235625,0.7200636811184051,0.7270613188815949,0.720063745410023,0.727061254589977,0.7235625,0.7200636811184051,0.7270613188815949,0.720063745410023,0.727061254589977,0.0,0.0,0.0,0.0,0.0,0.6623958333333333,0.6589976017606515,0.6657940649060151,0.6589976642039541,0.6657940024627125,0.6623958333333333,0.6589976017606515,0.6657940649060151,0.6589976642039541,0.6657940024627125,0.0,0.0,0.0,0.0,0.0
kurumi-midori,task_weak,all_formed,1000,0.629,0.5990438770248268,0.6589561229751733,0.5990444274756161,0.6589555725243839,0.629,0.5990438770248268,0.6589561229751733,0.5990444274756161,0.6589555725243839,0,0.0,0.0,0.0,0.0,0.537,0.5060791826345656,0.5679208173654344,0.5060797508118409,0.5679202491881592,0.537,0.5060791826345656,0.5679208173654344,0.5060797508118409,0.5679202491881592,0,0.0,0.0,0.0,0.0
kurumi-midori,task_weak,confirmation_requests,1000,0,0.0,0.0,0.0,0.0,6,6.0,6.0,6.0,6.0,6,6.0,6.0,6.0,6.0,0,0.0,0.0,0.0,0.0,6,6.0,6.0,6.0,6.0,6,6.0,6.0,6.0,6.0
kurumi-midori,task_weak,information_transfers,1000,0,0.0,0.0,0.0,0.0,5.805,5.778474156368168,5.831525843631831,5.77847464378677,5.83152535621323,5.805,5.778474156368168,5.831525843631831,5.77847464378677,5.83152535621323,0,0.0,0.0,0.0,0.0,5.805,5.778474156368168,5.831525843631831,5.77847464378677,5.83152535621323,5.805,5.778474156368168,5.831525843631831,5.77847464378677,5.83152535621323
kurumi-midori,task_weak,information_coverage,1000,1.0,1.0,1.0,1.0,1.0,0.48375,0.4815395130306807,0.4859604869693193,0.4815395536488975,0.4859604463511025,-0.51625,-0.5184604869693192,-0.5140395130306807,-0.5184604463511024,-0.5140395536488975,1.0,1.0,1.0,1.0,1.0,0.48375,0.4815395130306807,0.4859604869693193,0.4815395536488975,0.4859604463511025,-0.51625,-0.5184604869693192,-0.5140395130306807,-0.5184604463511024,-0.5140395536488975
kurumi-midori,task_weak,information_complete,1000,1,1.0,1.0,1.0,1.0,0,0.0,0.0,0.0,0.0,-1,-1.0,-1.0,-1.0,-1.0,1,1.0,1.0,1.0,1.0,0,0.0,0.0,0.0,0.0,-1,-1.0,-1.0,-1.0,-1.0
kurumi-midori,task_medium,bridge_count,1000,3.7,3.6692432189659,3.7307567810341005,3.669243784128969,3.7307562158710312,3.7,3.6692432189659,3.7307567810341005,3.669243784128969,3.7307562158710312,0,0.0,0.0,0.0,0.0,3.611,3.5767148440528804,3.64528515594712,3.576715474050667,3.6452845259493336,3.611,3.5767148440528804,3.64528515594712,3.576715474050667,3.6452845259493336,0,0.0,0.0,0.0,0.0
kurumi-midori,task_medium,bridge_rate,1000,0.925,0.917310804741475,0.9326891952585251,0.9173109460322423,0.9326890539677578,0.925,0.917310804741475,0.9326891952585251,0.9173109460322423,0.9326890539677578,0.0,0.0,0.0,0.0,0.0,0.90275,0.8941787110132201,0.91132128898678,0.8941788685126667,0.9113211314873334,0.90275,0.8941787110132201,0.91132128898678,0.8941788685126667,0.9113211314873334,0.0,0.0,0.0,0.0,0.0
kurumi-midori,task_medium,unformed_turns,1000,16.05875,15.750846449234384,16.366653550765616,15.750852107034383,16.366647892965617,16.05875,15.750846449234384,16.366653550765616,15.750852107034383,16.366647892965617,0.0,0.0,0.0,0.0,0.0,17.41875,17.091918064517017,17.74558193548298,17.091924070130528,17.74557592986947,17.41875,17.091918064517017,17.74558193548298,17.091924070130528,17.74557592986947,0.0,0.0,0.0,0.0,0.0
kurumi-midori,task_medium,known_share,1000,0.13666666666666666,0.13433106008299953,0.1390022732503338,0.13433110300031859,0.13900223033301473,0.13666666666666666,0.13433106008299953,0.1390022732503338,0.13433110300031859,0.13900223033301473,0.0,0.0,0.0,0.0,0.0,0.18783333333333332,0.18546179284152123,0.19020487382514542,0.1854618364191343,0.19020483024753235,0.18783333333333332,0.18546179284152123,0.19020487382514542,0.1854618364191343,0.19020483024753235,0.0,0.0,0.0,0.0,0.0
kurumi-midori,task_medium,bridge_share,1000,0.7169583333333334,0.7137016439696201,0.7202150226970466,0.7137017038120514,0.7202149628546153,0.7169583333333334,0.7137016439696201,0.7202150226970466,0.7137017038120514,0.7202149628546153,0.0,0.0,0.0,0.0,0.0,0.6652708333333334,0.6619850853472543,0.6685565813194124,0.6619851457236446,0.6685565209430221,0.6652708333333334,0.6619850853472543,0.6685565813194124,0.6619851457236446,0.6685565209430221,0.0,0.0,0.0,0.0,0.0
kurumi-midori,task_medium,all_formed,1000,0.718,0.6900964086180289,0.745903591381971,0.6900969213530685,0.7459030786469314,0.718,0.6900964086180289,0.745903591381971,0.6900969213530685,0.7459030786469314,0,0.0,0.0,0.0,0.0,0.645,0.6153265965741901,0.67467340342581,0.6153271418299413,0.6746728581700587,0.645,0.6153265965741901,0.67467340342581,0.6153271418299413,0.6746728581700587,0,0.0,0.0,0.0,0.0
kurumi-midori,task_medium,confirmation_requests,1000,0,0.0,0.0,0.0,0.0,12,12.0,12.0,12.0,12.0,12,12.0,12.0,12.0,12.0,0,0.0,0.0,0.0,0.0,12,12.0,12.0,12.0,12.0,12,12.0,12.0,12.0,12.0
kurumi-midori,task_medium,information_transfers,1000,0,0.0,0.0,0.0,0.0,11.418,11.371624733456862,11.464375266543136,11.371625585613268,11.46437441438673,11.418,11.371624733456862,11.464375266543136,11.371625585613268,11.46437441438673,0,0.0,0.0,0.0,0.0,11.418,11.371624733456862,11.464375266543136,11.371625585613268,11.46437441438673,11.418,11.371624733456862,11.464375266543136,11.371625585613268,11.46437441438673
kurumi-midori,task_medium,information_coverage,1000,1.0,1.0,1.0,1.0,1.0,0.9515,0.9476353944547387,0.9553646055452614,0.9476354654677724,0.9553645345322276,-0.04850000000000001,-0.05236460554526137,-0.044635394454738644,-0.052364534532227586,-0.04463546546777243,1.0,1.0,1.0,1.0,1.0,0.9515,0.9476353944547387,0.9553646055452614,0.9476354654677724,0.9553645345322276,-0.04850000000000001,-0.05236460554526137,-0.044635394454738644,-0.052364534532227586,-0.04463546546777243
kurumi-midori,task_medium,information_complete,1000,1,1.0,1.0,1.0,1.0,0.555,0.5241823283019484,0.5858176716980517,0.5241828945838978,0.5858171054161023,-0.445,-0.47581767169805156,-0.41418232830194845,-0.4758171054161022,-0.4141828945838978,1,1.0,1.0,1.0,1.0,0.555,0.5241823283019484,0.5858176716980517,0.5241828945838978,0.5858171054161023,-0.445,-0.47581767169805156,-0.41418232830194845,-0.4758171054161022,-0.4141828945838978
kurumi-midori,task_strong,bridge_count,1000,3.796,3.7699562857977313,3.8220437142022683,3.769956764357091,3.8220432356429086,3.796,3.7699562857977313,3.8220437142022683,3.769956764357091,3.8220432356429086,0,0.0,0.0,0.0,0.0,3.782,3.755510351019632,3.808489648980368,3.7555108377731483,3.8084891622268517,3.782,3.755510351019632,3.808489648980368,3.7555108377731483,3.8084891622268517,0,0.0,0.0,0.0,0.0
kurumi-midori,task_strong,bridge_rate,1000,0.949,0.9424890714494328,0.9555109285505671,0.9424891910892728,0.9555108089107271,0.949,0.9424890714494328,0.9555109285505671,0.9424891910892728,0.9555108089107271,0.0,0.0,0.0,0.0,0.0,0.9455,0.938877587754908,0.952122412245092,0.9388777094432871,0.9521222905567129,0.9455,0.938877587754908,0.952122412245092,0.9388777094432871,0.9521222905567129,0.0,0.0,0.0,0.0,0.0
kurumi-midori,task_strong,unformed_turns,1000,14.925,14.637541526870796,15.212458473129205,14.637546808987697,15.212453191012305,14.925,14.637541526870796,15.212458473129205,14.637546808987697,15.212453191012305,0.0,0.0,0.0,0.0,0.0,15.53375,15.23984943310582,15.82765056689418,15.239854833597704,15.827645166402295,15.53375,15.23984943310582,15.82765056689418,15.239854833597704,15.827645166402295,0.0,0.0,0.0,0.0,0.0
kurumi-midori,task_strong,known_share,1000,0.146,0.14410043785375193,0.14789956214624805,0.14410047275865212,0.14789952724134786,0.146,0.14410043785375193,0.14789956214624805,0.14410047275865212,0.14789952724134786,0.0,0.0,0.0,0.0,0.0,0.18166666666666667,0.17968300705347276,0.18365032627986058,0.17968304350368366,0.18365028982964968,0.18166666666666667,0.17968300705347276,0.18365032627986058,0.17968304350368366,0.18365028982964968,0.0,0.0,0.0,0.0,0.0
kurumi-midori,task_strong,bridge_share,1000,0.6998333333333333,0.6971582582286485,0.7025084084380181,0.6971583073837813,0.7025083592828854,0.6998333333333333,0.6971582582286485,0.7025084084380181,0.6971583073837813,0.7025083592828854,0.0,0.0,0.0,0.0,0.0,0.6640833333333334,0.6613183379406168,0.6668483287260499,0.6613183887480559,0.6668482779186108,0.6640833333333334,0.6613183379406168,0.6668483287260499,0.6613183887480559,0.6668482779186108,0.0,0.0,0.0,0.0,0.0
kurumi-midori,task_strong,all_formed,1000,0.803,0.7783359601755824,0.8276640398244177,0.778336413383102,0.8276635866168981,0.803,0.7783359601755824,0.8276640398244177,0.778336413383102,0.8276635866168981,0,0.0,0.0,0.0,0.0,0.788,0.7626542955447213,0.8133457044552788,0.7626547612779885,0.8133452387220116,0.788,0.7626542955447213,0.8133457044552788,0.7626547612779885,0.8133452387220116,0,0.0,0.0,0.0,0.0
kurumi-midori,task_strong,confirmation_requests,1000,0,0.0,0.0,0.0,0.0,12.642,12.583767258094523,12.700232741905475,12.583768328134822,12.700231671865177,12.642,12.583767258094523,12.700232741905475,12.583768328134822,12.700231671865177,0,0.0,0.0,0.0,0.0,12.642,12.583767258094523,12.700232741905475,12.583768328134822,12.700231671865177,12.642,12.583767258094523,12.700232741905475,12.583768328134822,12.700231671865177
kurumi-midori,task_strong,information_transfers,1000,0,0.0,0.0,0.0,0.0,12,12.0,12.0,12.0,12.0,12,12.0,12.0,12.0,12.0,0,0.0,0.0,0.0,0.0,12,12.0,12.0,12.0,12.0,12,12.0,12.0,12.0,12.0
kurumi-midori,task_strong,information_coverage,1000,1.0,1.0,1.0,1.0,1.0,1.0,1.0,1.0,1.0,1.0,0.0,0.0,0.0,0.0,0.0,1.0,1.0,1.0,1.0,1.0,1.0,1.0,1.0,1.0,1.0,0.0,0.0,0.0,0.0,0.0
kurumi-midori,task_strong,information_complete,1000,1,1.0,1.0,1.0,1.0,1,1.0,1.0,1.0,1.0,0,0.0,0.0,0.0,0.0,1,1.0,1.0,1.0,1.0,1,1.0,1.0,1.0,1.0,0,0.0,0.0,0.0,0.0
pooled,task_weak,bridge_count,1000,3.4506666666666668,3.4200344988234757,3.481298834509858,3.420035061696748,3.4812982716365855,3.4506666666666668,3.4200344988234757,3.481298834509858,3.420035061696748,3.4812982716365855,0.0,0.0,0.0,0.0,0.0,3.3741666666666665,3.34667604685716,3.401657286476173,3.34667655200375,3.4016567813295833,3.3741666666666665,3.34667604685716,3.401657286476173,3.34667655200375,3.4016567813295833,0.0,0.0,0.0,0.0,0.0
pooled,task_weak,bridge_rate,1000,0.8626666666666667,0.8550086247058689,0.8703247086274645,0.855008765424187,0.8703245679091464,0.8626666666666667,0.8550086247058689,0.8703247086274645,0.855008765424187,0.8703245679091464,0.0,0.0,0.0,0.0,0.0,0.8435416666666666,0.83666901171429,0.8504143216190433,0.8366691380009375,0.8504141953323958,0.8435416666666666,0.83666901171429,0.8504143216190433,0.8366691380009375,0.8504141953323958,0.0,0.0,0.0,0.0,0.0
pooled,task_weak,unformed_turns,1000,18.894333333333332,18.632616055497696,19.15605061116897,18.632620864614093,19.15604580205257,18.894333333333332,18.632616055497696,19.15605061116897,18.632620864614093,19.15604580205257,0.0,0.0,0.0,0.0,0.0,20.19925,19.971997626649078,20.42650237335092,19.972001802464767,20.42649819753523,20.19925,19.971997626649078,20.42650237335092,19.972001802464767,20.42649819753523,0.0,0.0,0.0,0.0,0.0
pooled,task_weak,known_share,1000,0.16666666666666666,0.16666666666666666,0.16666666666666666,0.16666666666666666,0.16666666666666666,0.16666666666666666,0.16666666666666666,0.16666666666666666,0.16666666666666666,0.16666666666666666,0.0,0.0,0.0,0.0,0.0,0.21351041666666667,0.21292746784711172,0.21409336548622163,0.21292747855893307,0.21409335477440028,0.21351041666666667,0.21292746784711172,0.21409336548622163,0.21292747855893307,0.21409335477440028,0.0,0.0,0.0,0.0,0.0
pooled,task_weak,bridge_share,1000,0.6666666666666666,0.6666666666666666,0.6666666666666666,0.6666666666666666,0.6666666666666666,0.6666666666666666,0.6666666666666666,0.6666666666666666,0.6666666666666666,0.6666666666666666,0.0,0.0,0.0,0.0,0.0,0.6190798611111111,0.6184662239336217,0.6196934982886005,0.6184662352093488,0.6196934870128734,0.6190798611111111,0.6184662239336217,0.6196934982886005,0.6184662352093488,0.6196934870128734,0.0,0.0,0.0,0.0,0.0
pooled,task_weak,all_formed,1000,0.5273333333333333,0.5042666644447917,0.5504000022218749,0.5042670883002455,0.5503995783664212,0.5273333333333333,0.5042666644447917,0.5504000022218749,0.5042670883002455,0.5503995783664212,0.0,0.0,0.0,0.0,0.0,0.4723333333333333,0.4526136809817668,0.49205298568489986,0.45261404333500627,0.4920526233316604,0.4723333333333333,0.4526136809817668,0.49205298568489986,0.45261404333500627,0.4920526233316604,0.0,0.0,0.0,0.0,0.0
pooled,task_weak,confirmation_requests,1000,0,0.0,0.0,0.0,0.0,6,6.0,6.0,6.0,6.0,6,6.0,6.0,6.0,6.0,0,0.0,0.0,0.0,0.0,6,6.0,6.0,6.0,6.0,6,6.0,6.0,6.0,6.0
pooled,task_weak,information_transfers,1000,0,0.0,0.0,0.0,0.0,5.805,5.778474156368168,5.831525843631831,5.77847464378677,5.83152535621323,5.805,5.778474156368168,5.831525843631831,5.77847464378677,5.83152535621323,0,0.0,0.0,0.0,0.0,5.805,5.778474156368168,5.831525843631831,5.77847464378677,5.83152535621323,5.805,5.778474156368168,5.831525843631831,5.77847464378677,5.83152535621323
pooled,task_weak,information_coverage,1000,1.0,1.0,1.0,1.0,1.0,0.48375,0.4815395130306807,0.4859604869693193,0.4815395536488975,0.4859604463511025,-0.51625,-0.5184604869693192,-0.5140395130306807,-0.5184604463511024,-0.5140395536488975,1.0,1.0,1.0,1.0,1.0,0.48375,0.4815395130306807,0.4859604869693193,0.4815395536488975,0.4859604463511025,-0.51625,-0.5184604869693192,-0.5140395130306807,-0.5184604463511024,-0.5140395536488975
pooled,task_weak,information_complete,1000,1,1.0,1.0,1.0,1.0,0,0.0,0.0,0.0,0.0,-1,-1.0,-1.0,-1.0,-1.0,1,1.0,1.0,1.0,1.0,0,0.0,0.0,0.0,0.0,-1,-1.0,-1.0,-1.0,-1.0
pooled,task_medium,bridge_count,1000,3.5633333333333335,3.5352951944763427,3.5913714721903243,3.535295709683724,3.591370956982943,3.5633333333333335,3.5352951944763427,3.5913714721903243,3.535295709683724,3.591370956982943,0.0,0.0,0.0,0.0,0.0,3.5271666666666666,3.5010766325085583,3.553256700824775,3.5010771119190585,3.5532562214142747,3.5271666666666666,3.5010766325085583,3.553256700824775,3.5010771119190585,3.5532562214142747,0.0,0.0,0.0,0.0,0.0
pooled,task_medium,bridge_rate,1000,0.8908333333333334,0.8838237986190857,0.8978428680475811,0.883823927420931,0.8978427392457358,0.8908333333333334,0.8838237986190857,0.8978428680475811,0.883823927420931,0.8978427392457358,0.0,0.0,0.0,0.0,0.0,0.8817916666666666,0.8752691581271396,0.8883141752061937,0.8752692779797646,0.8883140553535687,0.8817916666666666,0.8752691581271396,0.8883141752061937,0.8752692779797646,0.8883140553535687,0.0,0.0,0.0,0.0,0.0
pooled,task_medium,unformed_turns,1000,18.714,18.465707316327308,18.96229268367269,18.465711878763635,18.962288121236362,18.714,18.465707316327308,18.96229268367269,18.465711878763635,18.962288121236362,0.0,0.0,0.0,0.0,0.0,19.687666666666665,19.46127510705172,19.91405822628161,19.461279267049754,19.914054066283576,19.687666666666665,19.46127510705172,19.91405822628161,19.461279267049754,19.914054066283576,0.0,0.0,0.0,0.0,0.0
pooled,task_medium,known_share,1000,0.16666666666666666,0.16666666666666666,0.16666666666666666,0.16666666666666666,0.16666666666666666,0.16666666666666666,0.16666666666666666,0.16666666666666666,0.16666666666666666,0.16666666666666666,0.0,0.0,0.0,0.0,0.0,0.20733680555555556,0.2067733200838579,0.20790029102725321,0.2067733304380357,0.20790028067307542,0.20733680555555556,0.2067733200838579,0.20790029102725321,0.2067733304380357,0.20790028067307542,0.0,0.0,0.0,0.0,0.0
pooled,task_medium,bridge_share,1000,0.6666666666666666,0.6666666666666666,0.6666666666666666,0.6666666666666666,0.6666666666666666,0.6666666666666666,0.6666666666666666,0.6666666666666666,0.6666666666666666,0.6666666666666666,0.0,0.0,0.0,0.0,0.0,0.6255416666666667,0.624958568946111,0.6261247643872223,0.6249585796606685,0.6261247536726648,0.6255416666666667,0.624958568946111,0.6261247643872223,0.6249585796606685,0.6261247536726648,0.0,0.0,0.0,0.0,0.0
pooled,task_medium,all_formed,1000,0.6083333333333333,0.5852935482135664,0.6313731184531002,0.5852939715750246,0.631372695091642,0.6083333333333333,0.5852935482135664,0.6313731184531002,0.5852939715750246,0.631372695091642,0.0,0.0,0.0,0.0,0.0,0.5795,0.5584112980523047,0.6005887019476953,0.5584116855621518,0.6005883144378482,0.5795,0.5584112980523047,0.6005887019476953,0.5584116855621518,0.6005883144378482,0.0,0.0,0.0,0.0,0.0
pooled,task_medium,confirmation_requests,1000,0,0.0,0.0,0.0,0.0,12,12.0,12.0,12.0,12.0,12,12.0,12.0,12.0,12.0,0,0.0,0.0,0.0,0.0,12,12.0,12.0,12.0,12.0,12,12.0,12.0,12.0,12.0
pooled,task_medium,information_transfers,1000,0,0.0,0.0,0.0,0.0,11.418,11.371624733456862,11.464375266543136,11.371625585613268,11.46437441438673,11.418,11.371624733456862,11.464375266543136,11.371625585613268,11.46437441438673,0,0.0,0.0,0.0,0.0,11.418,11.371624733456862,11.464375266543136,11.371625585613268,11.46437441438673,11.418,11.371624733456862,11.464375266543136,11.371625585613268,11.46437441438673
pooled,task_medium,information_coverage,1000,1.0,1.0,1.0,1.0,1.0,0.9515,0.9476353944547387,0.9553646055452614,0.9476354654677724,0.9553645345322276,-0.04850000000000001,-0.05236460554526137,-0.044635394454738644,-0.052364534532227586,-0.04463546546777243,1.0,1.0,1.0,1.0,1.0,0.9515,0.9476353944547387,0.9553646055452614,0.9476354654677724,0.9553645345322276,-0.04850000000000001,-0.05236460554526137,-0.044635394454738644,-0.052364534532227586,-0.04463546546777243
pooled,task_medium,information_complete,1000,1,1.0,1.0,1.0,1.0,0.555,0.5241823283019484,0.5858176716980517,0.5241828945838978,0.5858171054161023,-0.445,-0.47581767169805156,-0.41418232830194845,-0.4758171054161022,-0.4141828945838978,1,1.0,1.0,1.0,1.0,0.555,0.5241823283019484,0.5858176716980517,0.5241828945838978,0.5858171054161023,-0.445,-0.47581767169805156,-0.41418232830194845,-0.4758171054161022,-0.4141828945838978
pooled,task_strong,bridge_count,1000,3.6626666666666665,3.637049722491071,3.688283610842262,3.637050193208432,3.688283140124901,3.6626666666666665,3.637049722491071,3.688283610842262,3.637050193208432,3.688283140124901,0.0,0.0,0.0,0.0,0.0,3.6485,3.623727399941281,3.6732726000587186,3.6237278551436205,3.673272144856379,3.6485,3.623727399941281,3.6732726000587186,3.6237278551436205,3.673272144856379,0.0,0.0,0.0,0.0,0.0
pooled,task_strong,bridge_rate,1000,0.9156666666666666,0.9092624306227678,0.9220709027105655,0.909262548302108,0.9220707850312253,0.9156666666666666,0.9092624306227678,0.9220709027105655,0.909262548302108,0.9220707850312253,0.0,0.0,0.0,0.0,0.0,0.912125,0.9059318499853203,0.9183181500146796,0.9059319637859051,0.9183180362140948,0.912125,0.9059318499853203,0.9183181500146796,0.9059319637859051,0.9183180362140948,0.0,0.0,0.0,0.0,0.0
pooled,task_strong,unformed_turns,1000,17.155833333333334,16.91046317818734,17.40120348847933,16.91046768692152,17.401198979745146,17.155833333333334,16.91046317818734,17.40120348847933,16.91046768692152,17.401198979745146,0.0,0.0,0.0,0.0,0.0,17.647583333333333,17.413875309894333,17.881291356772334,17.413879604334106,17.88128706233256,17.647583333333333,17.413875309894333,17.881291356772334,17.413879604334106,17.88128706233256,0.0,0.0,0.0,0.0,0.0
pooled,task_strong,known_share,1000,0.16666666666666666,0.16666666666666666,0.16666666666666666,0.16666666666666666,0.16666666666666666,0.16666666666666666,0.16666666666666666,0.16666666666666666,0.16666666666666666,0.16666666666666666,0.0,0.0,0.0,0.0,0.0,0.1942465277777778,0.19376536249845555,0.19472769305710003,0.19376537133998045,0.19472768421557513,0.1942465277777778,0.19376536249845555,0.19472769305710003,0.19376537133998045,0.19472768421557513,0.0,0.0,0.0,0.0,0.0
pooled,task_strong,bridge_share,1000,0.6666666666666666,0.6666666666666666,0.6666666666666666,0.6666666666666666,0.6666666666666666,0.6666666666666666,0.6666666666666666,0.6666666666666666,0.6666666666666666,0.6666666666666666,0.0,0.0,0.0,0.0,0.0,0.639,0.6385116984663444,0.6394883015336557,0.6385117074389997,0.6394882925610004,0.639,0.6385116984663444,0.6394883015336557,0.6385117074389997,0.6394882925610004,0.0,0.0,0.0,0.0,0.0
pooled,task_strong,all_formed,1000,0.6866666666666666,0.6643616182179991,0.7089717151153342,0.6643620280784985,0.7089713052548348,0.6866666666666666,0.6643616182179991,0.7089717151153342,0.6643620280784985,0.7089713052548348,0.0,0.0,0.0,0.0,0.0,0.674,0.6525034608046981,0.695496539195302,0.6525038558086503,0.6954961441913498,0.674,0.6525034608046981,0.695496539195302,0.6525038558086503,0.6954961441913498,0.0,0.0,0.0,0.0,0.0
pooled,task_strong,confirmation_requests,1000,0,0.0,0.0,0.0,0.0,12.642,12.583767258094523,12.700232741905475,12.583768328134822,12.700231671865177,12.642,12.583767258094523,12.700232741905475,12.583768328134822,12.700231671865177,0,0.0,0.0,0.0,0.0,12.642,12.583767258094523,12.700232741905475,12.583768328134822,12.700231671865177,12.642,12.583767258094523,12.700232741905475,12.583768328134822,12.700231671865177
pooled,task_strong,information_transfers,1000,0,0.0,0.0,0.0,0.0,12,12.0,12.0,12.0,12.0,12,12.0,12.0,12.0,12.0,0,0.0,0.0,0.0,0.0,12,12.0,12.0,12.0,12.0,12,12.0,12.0,12.0,12.0
pooled,task_strong,information_coverage,1000,1.0,1.0,1.0,1.0,1.0,1.0,1.0,1.0,1.0,1.0,0.0,0.0,0.0,0.0,0.0,1.0,1.0,1.0,1.0,1.0,1.0,1.0,1.0,1.0,1.0,0.0,0.0,0.0,0.0,0.0
pooled,task_strong,information_complete,1000,1,1.0,1.0,1.0,1.0,1,1.0,1.0,1.0,1.0,0,0.0,0.0,0.0,0.0,1,1.0,1.0,1.0,1.0,1,1.0,1.0,1.0,1.0,0,0.0,0.0,0.0,0.0
