known_pair,direction,horizon,condition,mean,ci_low,ci_high,simultaneous_low,simultaneous_high
akane-koharu,promote,12,A,-0.041,-0.057560595512351716,-0.024439404487648288,-0.06801193858049123,-0.013988061419508768
akane-koharu,promote,12,B,-0.03,-0.04851024551941949,-0.01148975448058051,-0.060192006966624426,0.0001920069666244313
akane-koharu,promote,24,A,-0.045,-0.06328818245801418,-0.026711817541985816,-0.07482980056099112,-0.015170199439008873
akane-koharu,promote,24,B,-0.039,-0.057959651758268005,-0.020040348241732,-0.06992503215961411,-0.008074967840385892
akane-koharu,promote,48,A,-0.055,-0.07380651070360594,-0.03619348929639406,-0.08567524423625121,-0.024324755763748786
akane-koharu,promote,48,B,-0.059,-0.07895185873714694,-0.039048141262853046,-0.09154341804148793,-0.026456581958512068
akane-koharu,suppress,12,A,0.054,0.03549141653010522,0.07250858346989478,0.023810703997461723,0.08418929600253827
akane-koharu,suppress,12,B,0.032,0.013502639270589062,0.05049736072941094,0.00182900937642156,0.06217099062357844
akane-koharu,suppress,24,A,0.047,0.02790776023565545,0.06609223976434456,0.015858703934056056,0.07814129606594394
akane-koharu,suppress,24,B,0.044,0.023427078294332923,0.06457292170566707,0.010443567979167505,0.07755643202083248
akane-koharu,suppress,48,A,0.049,0.03096334733828809,0.06703665266171191,0.019580468949173105,0.0784195310508269
akane-koharu,suppress,48,B,0.046,0.02679800294003014,0.06520199705996986,0.014679679132322293,0.0773203208676777
akane-midori,promote,12,A,-0.034,-0.05248363479284189,-0.015516365207158114,-0.06414860228885423,-0.003851397711145777
akane-midori,promote,12,B,-0.048,-0.0663638281353258,-0.029636171864674193,-0.07795318600252898,-0.01804681399747102
akane-midori,promote,24,A,-0.03,-0.04557715017606262,-0.014422849823937382,-0.05540784378804864,-0.004592156211951363
akane-midori,promote,24,B,-0.032,-0.04731273592410845,-0.01668726407589155,-0.05697655848020657,-0.007023441519793429
akane-midori,promote,48,A,-0.027,-0.040047670877030705,-0.01395232912296929,-0.048282017550996176,-0.00571798244900382
akane-midori,promote,48,B,-0.04,-0.054463479257503444,-0.02553652074249656,-0.0635913384317912,-0.0164086615682088
akane-midori,suppress,12,A,0.033,0.01503683845274522,0.05096316154725478,0.003700340089582709,0.06229965991041729
akane-midori,suppress,12,B,0.042,0.02217216702308191,0.061827832976918094,0.00965888001084974,0.07434111998915027
akane-midori,suppress,24,A,0.036,0.020226106945268642,0.05177389305473135,0.01027124948182893,0.06172875051817106
akane-midori,suppress,24,B,0.035,0.017706084320793066,0.05229391567920694,0.0067919450544810245,0.06320805494551898
akane-midori,suppress,48,A,0.037,0.023466249152137755,0.05053375084786224,0.014925138839755867,0.05907486116024413
akane-midori,suppress,48,B,0.047,0.03146103719790266,0.06253896280209734,0.021654443525190244,0.07234555647480975
akane-kurumi,promote,12,A,-0.033,-0.04892033777137768,-0.017079662228622325,-0.05896761606431266,-0.007032383935687343
akane-kurumi,promote,12,B,-0.04,-0.057363263602299056,-0.02263673639770095,-0.06832116813869199,-0.011678831861308012
akane-kurumi,promote,24,A,-0.079,-0.10090328578840008,-0.05709671421159993,-0.11472638495915966,-0.043273615040840346
akane-kurumi,promote,24,B,-0.073,-0.09666790830393517,-0.049332091696064825,-0.11160465554863419,-0.03439534445136579
akane-kurumi,promote,48,A,-0.082,-0.10429627335241039,-0.05970372664758962,-0.11836738581773543,-0.04563261418226457
akane-kurumi,promote,48,B,-0.079,-0.10193249383895422,-0.05606750616104577,-0.11640512318009989,-0.04159487681990011
akane-kurumi,suppress,12,A,0.053,0.0350068930560201,0.0709931069439799,0.02365149624115323,0.08234850375884677
akane-kurumi,suppress,12,B,0.061,0.04247117046535524,0.07952882953464475,0.030777680700858928,0.09122231929914107
akane-kurumi,suppress,24,A,0.091,0.06757313233638504,0.11442686766361496,0.05278850513009112,0.12921149486990888
akane-kurumi,suppress,24,B,0.116,0.09146469050914964,0.14053530949085036,0.07598052892929577,0.15601947107070424
akane-kurumi,suppress,48,A,0.086,0.06411032471039635,0.10788967528960364,0.05029581508535352,0.12170418491464646
akane-kurumi,suppress,48,B,0.104,0.08188486641384381,0.1261151335861562,0.0679280707216682,0.14007192927833179
koharu-midori,promote,12,A,-0.033,-0.04892033777137768,-0.017079662228622325,-0.05896761606431266,-0.007032383935687343
koharu-midori,promote,12,B,-0.035,-0.05041273474735722,-0.01958726525264279,-0.06013966626637902,-0.00986033373362099
koharu-midori,promote,24,A,-0.079,-0.10090328578840008,-0.05709671421159993,-0.11472638495915966,-0.043273615040840346
koharu-midori,promote,24,B,-0.083,-0.10536816381271276,-0.06063183618728725,-0.11948464613586605,-0.046515353864133954
koharu-midori,promote,48,A,-0.082,-0.10429627335241039,-0.05970372664758962,-0.11836738581773543,-0.04563261418226457
koharu-midori,promote,48,B,-0.092,-0.11565693869350699,-0.06834306130649301,-0.13058676304936284,-0.05341323695063715
koharu-midori,suppress,12,A,0.053,0.0350068930560201,0.0709931069439799,0.02365149624115323,0.08234850375884677
koharu-midori,suppress,12,B,0.043,0.025553772543829064,0.060446227456170926,0.014543509763529777,0.07145649023647022
koharu-midori,suppress,24,A,0.091,0.06757313233638504,0.11442686766361496,0.05278850513009112,0.12921149486990888
koharu-midori,suppress,24,B,0.089,0.06521798430177395,0.11278201569822605,0.0502092242165067,0.1277907757834933
koharu-midori,suppress,48,A,0.086,0.06411032471039635,0.10788967528960364,0.05029581508535352,0.12170418491464646
koharu-midori,suppress,48,B,0.082,0.05820206262249975,0.10579793737750026,0.043183254412321105,0.12081674558767891
koharu-kurumi,promote,12,A,-0.034,-0.05248363479284189,-0.015516365207158114,-0.06414860228885423,-0.003851397711145777
koharu-kurumi,promote,12,B,-0.025,-0.04405029957543749,-0.005949700424562509,-0.05607288754730302,0.0060728875473030144
koharu-kurumi,promote,24,A,-0.03,-0.04557715017606262,-0.014422849823937382,-0.05540784378804864,-0.004592156211951363
koharu-kurumi,promote,24,B,-0.036,-0.05225415281962993,-0.01974584718037006,-0.06251210080665834,-0.00948789919334166
koharu-kurumi,promote,48,A,-0.027,-0.040047670877030705,-0.01395232912296929,-0.048282017550996176,-0.00571798244900382
koharu-kurumi,promote,48,B,-0.03,-0.042873954275928536,-0.017126045724071462,-0.050998668914415825,-0.009001331085584173
koharu-kurumi,suppress,12,A,0.033,0.01503683845274522,0.05096316154725478,0.003700340089582709,0.06229965991041729
koharu-kurumi,suppress,12,B,0.023,0.004347887655954487,0.04165211234404551,-0.0074234055265705,0.0534234055265705
koharu-kurumi,suppress,24,A,0.036,0.020226106945268642,0.05177389305473135,0.01027124948182893,0.06172875051817106
koharu-kurumi,suppress,24,B,0.048,0.031165691355224963,0.06483430864477505,0.02054160873511235,0.07545839126488765
koharu-kurumi,suppress,48,A,0.037,0.023466249152137755,0.05053375084786224,0.014925138839755867,0.05907486116024413
koharu-kurumi,suppress,48,B,0.037,0.023466249152137755,0.05053375084786224,0.014925138839755867,0.05907486116024413
kurumi-midori,promote,12,A,-0.041,-0.057560595512351716,-0.024439404487648288,-0.06801193858049123,-0.013988061419508768
kurumi-midori,promote,12,B,-0.044,-0.06281560760351601,-0.025184392396483984,-0.07469008216291034,-0.013309917837089656
kurumi-midori,promote,24,A,-0.045,-0.06328818245801418,-0.026711817541985816,-0.07482980056099112,-0.015170199439008873
kurumi-midori,promote,24,B,-0.053,-0.0748533685118637,-0.03114663148813631,-0.08864496503637365,-0.017355034963626358
kurumi-midori,promote,48,A,-0.055,-0.07380651070360594,-0.03619348929639406,-0.08567524423625121,-0.024324755763748786
kurumi-midori,promote,48,B,-0.064,-0.08437005020478215,-0.04362994979521785,-0.09722552891305787,-0.030774471086942132
kurumi-midori,suppress,12,A,0.054,0.03549141653010522,0.07250858346989478,0.023810703997461723,0.08418929600253827
kurumi-midori,suppress,12,B,0.038,0.019339127626025684,0.05666087237397431,0.007562306014404968,0.06843769398559503
kurumi-midori,suppress,24,A,0.047,0.02790776023565545,0.06609223976434456,0.015858703934056056,0.07814129606594394
kurumi-midori,suppress,24,B,0.037,0.016467585879160973,0.05753241412083902,0.00350963978151321,0.07049036021848679
kurumi-midori,suppress,48,A,0.049,0.03096334733828809,0.06703665266171191,0.019580468949173105,0.0784195310508269
kurumi-midori,suppress,48,B,0.06,0.03996342083826422,0.08003657916173577,0.027318394723409335,0.09268160527659067
pooled,promote,12,A,-0.036,-0.04888118741292683,-0.023118812587073163,-0.05701046686287707,-0.014989533137122927
pooled,promote,12,B,-0.037,-0.04533715392165043,-0.028662846078349572,-0.05059870721434839,-0.023401292785651603
pooled,promote,24,A,-0.05133333333333333,-0.0661857254203428,-0.03648094124632385,-0.0755590263362477,-0.027107640330418955
pooled,promote,24,B,-0.05266666666666667,-0.06255911857620661,-0.042774214757126734,-0.06880221584976544,-0.036531117483567896
pooled,promote,48,A,-0.05466666666666666,-0.06953084890160692,-0.039802484431726404,-0.07891159054515695,-0.030421742788176376
pooled,promote,48,B,-0.06066666666666667,-0.07083262818627034,-0.050500705147063,-0.07724833656944036,-0.04408499676389297
pooled,suppress,12,A,0.04666666666666666,0.0331373206660943,0.06019601266723902,0.024598990239867786,0.06873434309346554
pooled,suppress,12,B,0.03983333333333333,0.03080028441188595,0.04886638225478071,0.025099553833754236,0.05456711283291243
pooled,suppress,24,A,0.057999999999999996,0.04212636193114204,0.07387363806885795,0.032108555682968346,0.08389144431703165
pooled,suppress,24,B,0.0615,0.05069561206017158,0.07230438793982842,0.04387699464292988,0.07912300535707012
pooled,suppress,48,A,0.05733333333333333,0.042740216473597575,0.07192645019306909,0.03353054339023568,0.081136123276431
pooled,suppress,48,B,0.06266666666666666,0.052297216777588015,0.07303611655574531,0.04575308748357736,0.07958024584975597
