known_pair,strength,condition,metric,mean,ci_low,ci_high,simultaneous_low,simultaneous_high
akane-koharu,weak,A,bridge_count,0.005,-0.02867952301132352,0.03867952301132352,-0.046401071395650514,0.05640107139565051
akane-koharu,weak,A,unformed_turns,-0.33175,-0.5890535728000598,-0.07444642719994021,-0.7244420019444805,0.06094200194448052
akane-koharu,weak,B,bridge_count,-0.006,-0.04299783970102231,0.030997839701022316,-0.06246542557380321,0.050465425573803215
akane-koharu,weak,B,unformed_turns,-0.2945,-0.5761347926447087,-0.012865207355291342,-0.7243258642013057,0.13532586420130582
akane-koharu,medium,A,bridge_count,0.018,-0.02031075874784832,0.056310758747848313,-0.04046917858538604,0.07646917858538604
akane-koharu,medium,A,unformed_turns,0.1585,-0.16681602278258453,0.4838160227825845,-0.3379913578964484,0.6549913578964485
akane-koharu,medium,B,bridge_count,0.026,-0.011990629981172552,0.06399062998117255,-0.031980603922788536,0.08398060392278853
akane-koharu,medium,B,unformed_turns,0.1485,-0.17429180104708855,0.47129180104708857,-0.3441389368986493,0.6411389368986493
akane-koharu,strong,A,bridge_count,0.012,-0.01973252215886034,0.04373252215886034,-0.036429594341441496,0.0604295943414415
akane-koharu,strong,A,unformed_turns,0.36425,0.05031382977733506,0.678186170222665,-0.11487363526843675,0.8433736352684368
akane-koharu,strong,B,bridge_count,0.013,-0.01867035492350822,0.04467035492350822,-0.03533471584504087,0.06133471584504087
akane-koharu,strong,B,unformed_turns,0.20925,-0.10384378499309332,0.5223437849930933,-0.26858800235394165,0.6870880023539416
akane-midori,weak,A,bridge_count,0.03,-0.0007004670759042132,0.06070046707590421,-0.0168544907692966,0.0768544907692966
akane-midori,weak,A,unformed_turns,-0.52125,-0.7614880358964654,-0.2810119641035346,-0.8878968919679573,-0.15460310803204264
akane-midori,weak,B,bridge_count,0.018,-0.013355830553657955,0.049355830553657956,-0.029854694510269893,0.06585469451026989
akane-midori,weak,B,unformed_turns,-0.4115,-0.6515182964088593,-0.17148170359114073,-0.7778115295850907,-0.0451884704149092
akane-midori,medium,A,bridge_count,0.021,-0.014219072069511392,0.05621907206951139,-0.0327507029813002,0.07475070298130021
akane-midori,medium,A,unformed_turns,0.0745,-0.21315789268299729,0.3621578926829973,-0.36451820920533484,0.5135182092053349
akane-midori,medium,B,bridge_count,0.023,-0.012756105670118673,0.05875610567011867,-0.03157031383022455,0.07757031383022456
akane-midori,medium,B,unformed_turns,0.08425,-0.20459363872297887,0.37309363872297885,-0.35657787310222877,0.5250778731022288
akane-midori,strong,A,bridge_count,-0.003,-0.03769279198068981,0.031692791980689805,-0.05594750394518166,0.04994750394518165
akane-midori,strong,A,unformed_turns,0.385,0.08355206735474852,0.6864479326452515,-0.07506431571968142,0.8450643157196814
akane-midori,strong,B,bridge_count,-0.012,-0.04783050424756306,0.02383050424756306,-0.0666838595769879,0.04268385957698789
akane-midori,strong,B,unformed_turns,0.37325,0.06181580905367767,0.6846841909463224,-0.10205516030456968,0.8485551603045698
akane-kurumi,weak,A,bridge_count,0.035,-0.009621469221838888,0.0796214692218389,-0.03310046937064476,0.10310046937064477
akane-kurumi,weak,A,unformed_turns,-0.5595,-0.8895844363351758,-0.22941556366482418,-1.0632688233575336,-0.055731176642466296
akane-kurumi,weak,B,bridge_count,0.047,0.0006448459617929211,0.09335515403820707,-0.023746387396079247,0.11774638739607925
akane-kurumi,weak,B,unformed_turns,-0.5185,-0.8601050547427918,-0.1768949452572081,-1.0398513802450768,0.0028513802450769177
akane-kurumi,medium,A,bridge_count,0.039,-0.010277967129787777,0.08827796712978778,-0.03620713122389326,0.11420713122389325
akane-kurumi,medium,A,unformed_turns,0.119,-0.28195145987460324,0.5199514598746032,-0.49292477720885886,0.7309247772088588
akane-kurumi,medium,B,bridge_count,0.046,-0.00452652475783491,0.09652652475783491,-0.03111265701650194,0.12311265701650194
akane-kurumi,medium,B,unformed_turns,0.1045,-0.2914783142963677,0.5004783142963677,-0.4998348534785881,0.7088348534785881
akane-kurumi,strong,A,bridge_count,0.007,-0.03827067478617473,0.052270674786174726,-0.06209127501690229,0.0760912750169023
akane-kurumi,strong,A,unformed_turns,0.12625,-0.28928361522611246,0.5417836152261124,-0.5079297957277787,0.7604297957277787
akane-kurumi,strong,B,bridge_count,0.018,-0.027723914946097935,0.06372391494609793,-0.051783001850793486,0.08778300185079349
akane-kurumi,strong,B,unformed_turns,0.0025,-0.41544254456870094,0.42044254456870095,-0.6353562595863625,0.6403562595863624
koharu-midori,weak,A,bridge_count,0.035,-0.009621469221838888,0.0796214692218389,-0.03310046937064476,0.10310046937064477
koharu-midori,weak,A,unformed_turns,-0.5595,-0.8895844363351758,-0.22941556366482418,-1.0632688233575336,-0.055731176642466296
koharu-midori,weak,B,bridge_count,0.026,-0.020872116163809736,0.07287211616380973,-0.04553536552733174,0.09753536552733173
koharu-midori,weak,B,unformed_turns,-0.40775,-0.7482346646337406,-0.0672653353662595,-0.9273914613733945,0.1118914613733944
koharu-midori,medium,A,bridge_count,0.039,-0.010277967129787777,0.08827796712978778,-0.03620713122389326,0.11420713122389325
koharu-midori,medium,A,unformed_turns,0.119,-0.28195145987460324,0.5199514598746032,-0.49292477720885886,0.7309247772088588
koharu-midori,medium,B,bridge_count,0.054,0.004659448884468419,0.10334055111553159,-0.021302645757111556,0.12930264575711156
koharu-midori,medium,B,unformed_turns,-0.02325,-0.41982967460954607,0.3733296746095461,-0.6285026385785076,0.5820026385785076
koharu-midori,strong,A,bridge_count,0.007,-0.03827067478617473,0.052270674786174726,-0.06209127501690229,0.0760912750169023
koharu-midori,strong,A,unformed_turns,0.12625,-0.28928361522611246,0.5417836152261124,-0.5079297957277787,0.7604297957277787
koharu-midori,strong,B,bridge_count,0.002,-0.04473540019333558,0.04873540019333558,-0.06932671211626933,0.07332671211626933
koharu-midori,strong,B,unformed_turns,0.12225,-0.3017091708247699,0.5462091708247699,-0.5247887244224936,0.7692887244224935
koharu-kurumi,weak,A,bridge_count,0.03,-0.0007004670759042132,0.06070046707590421,-0.0168544907692966,0.0768544907692966
koharu-kurumi,weak,A,unformed_turns,-0.52125,-0.7614880358964654,-0.2810119641035346,-0.8878968919679573,-0.15460310803204264
koharu-kurumi,weak,B,bridge_count,0.022,-0.00971191434005697,0.05371191434005697,-0.026398143065683687,0.07039814306568368
koharu-kurumi,weak,B,unformed_turns,-0.38775,-0.6314030395944273,-0.1440969604055726,-0.7596088080879195,-0.015891191912080438
koharu-kurumi,medium,A,bridge_count,0.021,-0.014219072069511392,0.05621907206951139,-0.0327507029813002,0.07475070298130021
koharu-kurumi,medium,A,unformed_turns,0.0745,-0.21315789268299729,0.3621578926829973,-0.36451820920533484,0.5135182092053349
koharu-kurumi,medium,B,bridge_count,0.023,-0.012756105670118673,0.05875610567011867,-0.03157031383022455,0.07757031383022456
koharu-kurumi,medium,B,unformed_turns,-0.0065,-0.2960309048050609,0.2830309048050609,-0.4483767660138366,0.43537676601383657
koharu-kurumi,strong,A,bridge_count,-0.003,-0.03769279198068981,0.031692791980689805,-0.05594750394518166,0.04994750394518165
koharu-kurumi,strong,A,unformed_turns,0.385,0.08355206735474852,0.6864479326452515,-0.07506431571968142,0.8450643157196814
koharu-kurumi,strong,B,bridge_count,0.002,-0.032302928803886764,0.03630292880388677,-0.050352501902585896,0.0543525019025859
koharu-kurumi,strong,B,unformed_turns,0.307,0.002111630330772385,0.6118883696692277,-0.15831504771615823,0.7723150477161582
kurumi-midori,weak,A,bridge_count,0.005,-0.02867952301132352,0.03867952301132352,-0.046401071395650514,0.05640107139565051
kurumi-midori,weak,A,unformed_turns,-0.33175,-0.5890535728000598,-0.07444642719994021,-0.7244420019444805,0.06094200194448052
kurumi-midori,weak,B,bridge_count,0.006,-0.031411277793014586,0.04341127779301458,-0.05109640722033756,0.06309640722033756
kurumi-midori,weak,B,unformed_turns,-0.32875,-0.6016963010571141,-0.05580369894288589,-0.7453156474142597,0.08781564741425973
kurumi-midori,medium,A,bridge_count,0.018,-0.02031075874784832,0.056310758747848313,-0.04046917858538604,0.07646917858538604
kurumi-midori,medium,A,unformed_turns,0.1585,-0.16681602278258453,0.4838160227825845,-0.3379913578964484,0.6549913578964485
kurumi-midori,medium,B,bridge_count,0.003,-0.03733099074427027,0.04333099074427028,-0.058552419670746716,0.06455241967074672
kurumi-midori,medium,B,unformed_turns,0.19375,-0.1430196729964712,0.5305196729964712,-0.32022170915281445,0.7077217091528144
kurumi-midori,strong,A,bridge_count,0.012,-0.01973252215886034,0.04373252215886034,-0.036429594341441496,0.0604295943414415
kurumi-midori,strong,A,unformed_turns,0.36425,0.05031382977733506,0.678186170222665,-0.11487363526843675,0.8433736352684368
kurumi-midori,strong,B,bridge_count,0.022,-0.01125097130450016,0.05525097130450016,-0.028747023626869782,0.07274702362686977
kurumi-midori,strong,B,unformed_turns,0.37275,0.05121346600332555,0.6942865339966745,-0.11797317130846413,0.8634731713084642
pooled,weak,A,bridge_count,0.023333333333333334,-0.006414312814559259,0.05308097948122593,-0.02206697958042984,0.0687336462470965
pooled,weak,A,unformed_turns,-0.4708333333333333,-0.6911295342122347,-0.250537132454432,-0.8070453618041602,-0.1346213048625064
pooled,weak,B,bridge_count,0.01883333333333333,-0.007244005702910596,0.044910672369577256,-0.020965424064741934,0.0586320907314086
pooled,weak,B,unformed_turns,-0.39145833333333335,-0.5827234108634223,-0.20019325580324443,-0.6833635928678385,-0.09955307379882816
pooled,medium,A,bridge_count,0.025999999999999995,-0.006851978086525191,0.05885197808652518,-0.024138087482595508,0.0761380874825955
pooled,medium,A,unformed_turns,0.11733333333333336,-0.1505753574952135,0.3852420241618802,-0.29154400558157545,0.5262106722482421
pooled,medium,B,bridge_count,0.029166666666666674,-0.0005809345961579164,0.05891426792949127,-0.016233577744327495,0.07456691107766084
pooled,medium,B,unformed_turns,0.08354166666666668,-0.15121885676439384,0.3183021900977272,-0.2747455460620633,0.44182887939539667
pooled,strong,A,bridge_count,0.00533333333333333,-0.02481836364097361,0.03548503030764027,-0.04068363455410666,0.05135030122077332
pooled,strong,A,unformed_turns,0.2918333333333334,0.02218976705552883,0.5614768996111379,-0.11969174072912708,0.7033584073957939
pooled,strong,B,bridge_count,0.0075,-0.021322219964760355,0.03632221996476036,-0.03648794441630578,0.05148794441630578
pooled,strong,B,unformed_turns,0.23116666666666663,-0.02270642427076286,0.4850397576040961,-0.15628979666631815,0.6186231299996514
